-- MES 基础数据测试脚本
-- 依据用户提供的 18 张表生成，适用于 MySQL 8.x
-- 每张表不少于 30 条；mes_material 90 条，mes_bom_detail 90 条，mes_route_detail 90 条
-- 建议在空表或独立测试库中执行。脚本显式写入主键，以保证关联关系稳定。

SET NAMES utf8mb4;
SET FOREIGN_KEY_CHECKS = 0;
START TRANSACTION;

INSERT INTO mes_factory (factory_id, factory_code, factory_name, manager, status, version_no, create_by, create_time, update_by, update_time, remark, revision, del_flag) VALUES
(1, 'FAC001', '华南精密制造工厂', '张经理', '0', '1.0', 'admin', '2026-01-02 09:00:00', 'admin', '2026-01-09 09:00:00', '华南精密制造工厂测试基础数据', 0, '0'),
(2, 'FAC002', '东部智能装备工厂', '李经理', '0', '1.0', 'admin', '2026-01-03 10:00:00', 'admin', '2026-01-10 10:00:00', '东部智能装备工厂测试基础数据', 0, '0'),
(3, 'FAC003', '西南汽车零部件工厂', '王经理', '0', '1.0', 'admin', '2026-01-04 11:00:00', 'admin', '2026-01-11 11:00:00', '西南汽车零部件工厂测试基础数据', 0, '0'),
(4, 'FAC004', '华北机械加工工厂', '赵经理', '0', '1.0', 'admin', '2026-01-05 12:00:00', 'admin', '2026-01-12 12:00:00', '华北机械加工工厂测试基础数据', 0, '0'),
(5, 'FAC005', '华中电子装配工厂', '陈经理', '0', '1.0', 'admin', '2026-01-06 13:00:00', 'admin', '2026-01-13 13:00:00', '华中电子装配工厂测试基础数据', 0, '0'),
(6, 'FAC006', '珠三角机电制造工厂', '刘经理', '0', '1.0', 'admin', '2026-01-07 14:00:00', 'admin', '2026-01-14 14:00:00', '珠三角机电制造工厂测试基础数据', 0, '0'),
(7, 'FAC007', '长三角精工制造工厂', '杨经理', '0', '1.0', 'admin', '2026-01-08 15:00:00', 'admin', '2026-01-15 15:00:00', '长三角精工制造工厂测试基础数据', 0, '0'),
(8, 'FAC008', '北部湾智能制造工厂', '黄经理', '0', '1.0', 'admin', '2026-01-09 08:00:00', 'admin', '2026-01-16 08:00:00', '北部湾智能制造工厂测试基础数据', 0, '0'),
(9, 'FAC009', '海峡西岸装备工厂', '周经理', '0', '1.0', 'admin', '2026-01-10 09:00:00', 'admin', '2026-01-17 09:00:00', '海峡西岸装备工厂测试基础数据', 0, '0'),
(10, 'FAC010', '成渝工业制造工厂', '吴经理', '1', '1.0', 'admin', '2026-01-11 10:00:00', 'admin', '2026-01-18 10:00:00', '成渝工业制造工厂测试基础数据', 0, '0'),
(11, 'FAC011', '粤港澳自动化工厂', '徐经理', '0', '1.0', 'admin', '2026-01-12 11:00:00', 'admin', '2026-01-19 11:00:00', '粤港澳自动化工厂测试基础数据', 0, '0'),
(12, 'FAC012', '江南金属制品工厂', '孙经理', '0', '1.0', 'admin', '2026-01-13 12:00:00', 'admin', '2026-01-20 12:00:00', '江南金属制品工厂测试基础数据', 0, '0'),
(13, 'FAC013', '中原机械制造工厂', '胡经理', '0', '1.0', 'admin', '2026-01-14 13:00:00', 'admin', '2026-01-21 13:00:00', '中原机械制造工厂测试基础数据', 0, '0'),
(14, 'FAC014', '齐鲁工业装备工厂', '朱经理', '0', '1.0', 'admin', '2026-01-15 14:00:00', 'admin', '2026-01-22 14:00:00', '齐鲁工业装备工厂测试基础数据', 0, '0'),
(15, 'FAC015', '辽沈重工制造工厂', '高经理', '0', '1.0', 'admin', '2026-01-16 15:00:00', 'admin', '2026-01-23 15:00:00', '辽沈重工制造工厂测试基础数据', 0, '0'),
(16, 'FAC016', '关中精密加工工厂', '林经理', '0', '1.0', 'admin', '2026-01-17 08:00:00', 'admin', '2026-01-24 08:00:00', '关中精密加工工厂测试基础数据', 0, '0'),
(17, 'FAC017', '长株潭机电工厂', '何经理', '0', '1.0', 'admin', '2026-01-18 09:00:00', 'admin', '2026-01-25 09:00:00', '长株潭机电工厂测试基础数据', 0, '0'),
(18, 'FAC018', '武汉智能制造工厂', '郭经理', '0', '1.0', 'admin', '2026-01-19 10:00:00', 'admin', '2026-01-26 10:00:00', '武汉智能制造工厂测试基础数据', 0, '0'),
(19, 'FAC019', '苏南自动化装配工厂', '马经理', '0', '1.0', 'admin', '2026-01-20 11:00:00', 'admin', '2026-01-27 11:00:00', '苏南自动化装配工厂测试基础数据', 0, '0'),
(20, 'FAC020', '浙东零部件工厂', '罗经理', '1', '1.0', 'admin', '2026-01-21 12:00:00', 'admin', '2026-01-28 12:00:00', '浙东零部件工厂测试基础数据', 0, '0'),
(21, 'FAC021', '闽南电子制造工厂', '梁经理', '0', '1.0', 'admin', '2026-01-22 13:00:00', 'admin', '2026-01-29 13:00:00', '闽南电子制造工厂测试基础数据', 0, '0'),
(22, 'FAC022', '桂中机械制造工厂', '宋经理', '0', '1.0', 'admin', '2026-01-23 14:00:00', 'admin', '2026-01-30 14:00:00', '桂中机械制造工厂测试基础数据', 0, '0'),
(23, 'FAC023', '滇中装备制造工厂', '郑经理', '0', '1.0', 'admin', '2026-01-24 15:00:00', 'admin', '2026-01-31 15:00:00', '滇中装备制造工厂测试基础数据', 0, '0'),
(24, 'FAC024', '黔中工业制造工厂', '谢经理', '0', '1.0', 'admin', '2026-01-25 08:00:00', 'admin', '2026-02-01 08:00:00', '黔中工业制造工厂测试基础数据', 0, '0'),
(25, 'FAC025', '赣北精密制造工厂', '韩经理', '0', '1.0', 'admin', '2026-01-26 09:00:00', 'admin', '2026-02-02 09:00:00', '赣北精密制造工厂测试基础数据', 0, '0'),
(26, 'FAC026', '皖江机电制造工厂', '唐经理', '0', '1.0', 'admin', '2026-01-27 10:00:00', 'admin', '2026-02-03 10:00:00', '皖江机电制造工厂测试基础数据', 0, '0'),
(27, 'FAC027', '冀中装备制造工厂', '冯经理', '0', '1.0', 'admin', '2026-01-28 11:00:00', 'admin', '2026-02-04 11:00:00', '冀中装备制造工厂测试基础数据', 0, '0'),
(28, 'FAC028', '松辽机械制造工厂', '于经理', '0', '1.0', 'admin', '2026-01-29 12:00:00', 'admin', '2026-02-05 12:00:00', '松辽机械制造工厂测试基础数据', 0, '0'),
(29, 'FAC029', '河套工业制造工厂', '董经理', '0', '1.0', 'admin', '2026-01-30 13:00:00', 'admin', '2026-02-06 13:00:00', '河套工业制造工厂测试基础数据', 0, '0'),
(30, 'FAC030', '海南智能装配工厂', '萧经理', '1', '1.0', 'admin', '2026-01-31 14:00:00', 'admin', '2026-02-07 14:00:00', '海南智能装配工厂测试基础数据', 0, '0');

INSERT INTO mes_workshop (workshop_id, factory_id, workshop_code, workshop_name, status, version_no, create_by, create_time, update_by, update_time, remark, revision, del_flag) VALUES
(1, 1, 'WS001', '机加工车间01', '0', '1.0', 'admin', '2026-01-02 09:00:00', 'admin', '2026-01-09 09:00:00', '隶属工厂 FAC001', 0, '0'),
(2, 2, 'WS002', '装配车间02', '0', '1.0', 'admin', '2026-01-03 10:00:00', 'admin', '2026-01-10 10:00:00', '隶属工厂 FAC002', 0, '0'),
(3, 3, 'WS003', '焊接车间03', '0', '1.0', 'admin', '2026-01-04 11:00:00', 'admin', '2026-01-11 11:00:00', '隶属工厂 FAC003', 0, '0'),
(4, 4, 'WS004', '冲压车间04', '0', '1.0', 'admin', '2026-01-05 12:00:00', 'admin', '2026-01-12 12:00:00', '隶属工厂 FAC004', 0, '0'),
(5, 5, 'WS005', '涂装车间05', '0', '1.0', 'admin', '2026-01-06 13:00:00', 'admin', '2026-01-13 13:00:00', '隶属工厂 FAC005', 0, '0'),
(6, 6, 'WS006', '注塑车间06', '0', '1.0', 'admin', '2026-01-07 14:00:00', 'admin', '2026-01-14 14:00:00', '隶属工厂 FAC006', 0, '0'),
(7, 7, 'WS007', '钣金车间07', '0', '1.0', 'admin', '2026-01-08 15:00:00', 'admin', '2026-01-15 15:00:00', '隶属工厂 FAC007', 0, '0'),
(8, 8, 'WS008', '包装车间08', '0', '1.0', 'admin', '2026-01-09 08:00:00', 'admin', '2026-01-16 08:00:00', '隶属工厂 FAC008', 0, '0'),
(9, 9, 'WS009', '精加工车间09', '0', '1.0', 'admin', '2026-01-10 09:00:00', 'admin', '2026-01-17 09:00:00', '隶属工厂 FAC009', 0, '0'),
(10, 10, 'WS010', '检测车间10', '1', '1.0', 'admin', '2026-01-11 10:00:00', 'admin', '2026-01-18 10:00:00', '隶属工厂 FAC010', 0, '0'),
(11, 11, 'WS011', '机加工车间11', '0', '1.0', 'admin', '2026-01-12 11:00:00', 'admin', '2026-01-19 11:00:00', '隶属工厂 FAC011', 0, '0'),
(12, 12, 'WS012', '装配车间12', '0', '1.0', 'admin', '2026-01-13 12:00:00', 'admin', '2026-01-20 12:00:00', '隶属工厂 FAC012', 0, '0'),
(13, 13, 'WS013', '焊接车间13', '0', '1.0', 'admin', '2026-01-14 13:00:00', 'admin', '2026-01-21 13:00:00', '隶属工厂 FAC013', 0, '0'),
(14, 14, 'WS014', '冲压车间14', '0', '1.0', 'admin', '2026-01-15 14:00:00', 'admin', '2026-01-22 14:00:00', '隶属工厂 FAC014', 0, '0'),
(15, 15, 'WS015', '涂装车间15', '0', '1.0', 'admin', '2026-01-16 15:00:00', 'admin', '2026-01-23 15:00:00', '隶属工厂 FAC015', 0, '0'),
(16, 16, 'WS016', '注塑车间16', '0', '1.0', 'admin', '2026-01-17 08:00:00', 'admin', '2026-01-24 08:00:00', '隶属工厂 FAC016', 0, '0'),
(17, 17, 'WS017', '钣金车间17', '0', '1.0', 'admin', '2026-01-18 09:00:00', 'admin', '2026-01-25 09:00:00', '隶属工厂 FAC017', 0, '0'),
(18, 18, 'WS018', '包装车间18', '0', '1.0', 'admin', '2026-01-19 10:00:00', 'admin', '2026-01-26 10:00:00', '隶属工厂 FAC018', 0, '0'),
(19, 19, 'WS019', '精加工车间19', '0', '1.0', 'admin', '2026-01-20 11:00:00', 'admin', '2026-01-27 11:00:00', '隶属工厂 FAC019', 0, '0'),
(20, 20, 'WS020', '检测车间20', '1', '1.0', 'admin', '2026-01-21 12:00:00', 'admin', '2026-01-28 12:00:00', '隶属工厂 FAC020', 0, '0'),
(21, 21, 'WS021', '机加工车间21', '0', '1.0', 'admin', '2026-01-22 13:00:00', 'admin', '2026-01-29 13:00:00', '隶属工厂 FAC021', 0, '0'),
(22, 22, 'WS022', '装配车间22', '0', '1.0', 'admin', '2026-01-23 14:00:00', 'admin', '2026-01-30 14:00:00', '隶属工厂 FAC022', 0, '0'),
(23, 23, 'WS023', '焊接车间23', '0', '1.0', 'admin', '2026-01-24 15:00:00', 'admin', '2026-01-31 15:00:00', '隶属工厂 FAC023', 0, '0'),
(24, 24, 'WS024', '冲压车间24', '0', '1.0', 'admin', '2026-01-25 08:00:00', 'admin', '2026-02-01 08:00:00', '隶属工厂 FAC024', 0, '0'),
(25, 25, 'WS025', '涂装车间25', '0', '1.0', 'admin', '2026-01-26 09:00:00', 'admin', '2026-02-02 09:00:00', '隶属工厂 FAC025', 0, '0'),
(26, 26, 'WS026', '注塑车间26', '0', '1.0', 'admin', '2026-01-27 10:00:00', 'admin', '2026-02-03 10:00:00', '隶属工厂 FAC026', 0, '0'),
(27, 27, 'WS027', '钣金车间27', '0', '1.0', 'admin', '2026-01-28 11:00:00', 'admin', '2026-02-04 11:00:00', '隶属工厂 FAC027', 0, '0'),
(28, 28, 'WS028', '包装车间28', '0', '1.0', 'admin', '2026-01-29 12:00:00', 'admin', '2026-02-05 12:00:00', '隶属工厂 FAC028', 0, '0'),
(29, 29, 'WS029', '精加工车间29', '0', '1.0', 'admin', '2026-01-30 13:00:00', 'admin', '2026-02-06 13:00:00', '隶属工厂 FAC029', 0, '0'),
(30, 30, 'WS030', '检测车间30', '1', '1.0', 'admin', '2026-01-31 14:00:00', 'admin', '2026-02-07 14:00:00', '隶属工厂 FAC030', 0, '0');

INSERT INTO mes_production_line (line_id, workshop_id, line_code, line_name, status, version_no, create_by, create_time, update_by, update_time, remark, revision, del_flag) VALUES
(1, 1, 'LINE001', '精密加工线01', '0', '1.0', 'admin', '2026-01-02 09:00:00', 'admin', '2026-01-09 09:00:00', '车间 WS001 主生产线', 0, '0'),
(2, 2, 'LINE002', '自动装配线02', '0', '1.0', 'admin', '2026-01-03 10:00:00', 'admin', '2026-01-10 10:00:00', '车间 WS002 主生产线', 0, '0'),
(3, 3, 'LINE003', '焊接生产线03', '0', '1.0', 'admin', '2026-01-04 11:00:00', 'admin', '2026-01-11 11:00:00', '车间 WS003 主生产线', 0, '0'),
(4, 4, 'LINE004', '冲压生产线04', '0', '1.0', 'admin', '2026-01-05 12:00:00', 'admin', '2026-01-12 12:00:00', '车间 WS004 主生产线', 0, '0'),
(5, 5, 'LINE005', '表面处理线05', '0', '1.0', 'admin', '2026-01-06 13:00:00', 'admin', '2026-01-13 13:00:00', '车间 WS005 主生产线', 0, '0'),
(6, 6, 'LINE006', '注塑生产线06', '0', '1.0', 'admin', '2026-01-07 14:00:00', 'admin', '2026-01-14 14:00:00', '车间 WS006 主生产线', 0, '0'),
(7, 7, 'LINE007', '钣金生产线07', '0', '1.0', 'admin', '2026-01-08 15:00:00', 'admin', '2026-01-15 15:00:00', '车间 WS007 主生产线', 0, '0'),
(8, 8, 'LINE008', '包装生产线08', '0', '1.0', 'admin', '2026-01-09 08:00:00', 'admin', '2026-01-16 08:00:00', '车间 WS008 主生产线', 0, '0'),
(9, 9, 'LINE009', '柔性制造线09', '0', '1.0', 'admin', '2026-01-10 09:00:00', 'admin', '2026-01-17 09:00:00', '车间 WS009 主生产线', 0, '0'),
(10, 10, 'LINE010', '质量检测线10', '1', '1.0', 'admin', '2026-01-11 10:00:00', 'admin', '2026-01-18 10:00:00', '车间 WS010 主生产线', 0, '0'),
(11, 11, 'LINE011', '精密加工线11', '0', '1.0', 'admin', '2026-01-12 11:00:00', 'admin', '2026-01-19 11:00:00', '车间 WS011 主生产线', 0, '0'),
(12, 12, 'LINE012', '自动装配线12', '0', '1.0', 'admin', '2026-01-13 12:00:00', 'admin', '2026-01-20 12:00:00', '车间 WS012 主生产线', 0, '0'),
(13, 13, 'LINE013', '焊接生产线13', '0', '1.0', 'admin', '2026-01-14 13:00:00', 'admin', '2026-01-21 13:00:00', '车间 WS013 主生产线', 0, '0'),
(14, 14, 'LINE014', '冲压生产线14', '0', '1.0', 'admin', '2026-01-15 14:00:00', 'admin', '2026-01-22 14:00:00', '车间 WS014 主生产线', 0, '0'),
(15, 15, 'LINE015', '表面处理线15', '0', '1.0', 'admin', '2026-01-16 15:00:00', 'admin', '2026-01-23 15:00:00', '车间 WS015 主生产线', 0, '0'),
(16, 16, 'LINE016', '注塑生产线16', '0', '1.0', 'admin', '2026-01-17 08:00:00', 'admin', '2026-01-24 08:00:00', '车间 WS016 主生产线', 0, '0'),
(17, 17, 'LINE017', '钣金生产线17', '0', '1.0', 'admin', '2026-01-18 09:00:00', 'admin', '2026-01-25 09:00:00', '车间 WS017 主生产线', 0, '0'),
(18, 18, 'LINE018', '包装生产线18', '0', '1.0', 'admin', '2026-01-19 10:00:00', 'admin', '2026-01-26 10:00:00', '车间 WS018 主生产线', 0, '0'),
(19, 19, 'LINE019', '柔性制造线19', '0', '1.0', 'admin', '2026-01-20 11:00:00', 'admin', '2026-01-27 11:00:00', '车间 WS019 主生产线', 0, '0'),
(20, 20, 'LINE020', '质量检测线20', '1', '1.0', 'admin', '2026-01-21 12:00:00', 'admin', '2026-01-28 12:00:00', '车间 WS020 主生产线', 0, '0'),
(21, 21, 'LINE021', '精密加工线21', '0', '1.0', 'admin', '2026-01-22 13:00:00', 'admin', '2026-01-29 13:00:00', '车间 WS021 主生产线', 0, '0'),
(22, 22, 'LINE022', '自动装配线22', '0', '1.0', 'admin', '2026-01-23 14:00:00', 'admin', '2026-01-30 14:00:00', '车间 WS022 主生产线', 0, '0'),
(23, 23, 'LINE023', '焊接生产线23', '0', '1.0', 'admin', '2026-01-24 15:00:00', 'admin', '2026-01-31 15:00:00', '车间 WS023 主生产线', 0, '0'),
(24, 24, 'LINE024', '冲压生产线24', '0', '1.0', 'admin', '2026-01-25 08:00:00', 'admin', '2026-02-01 08:00:00', '车间 WS024 主生产线', 0, '0'),
(25, 25, 'LINE025', '表面处理线25', '0', '1.0', 'admin', '2026-01-26 09:00:00', 'admin', '2026-02-02 09:00:00', '车间 WS025 主生产线', 0, '0'),
(26, 26, 'LINE026', '注塑生产线26', '0', '1.0', 'admin', '2026-01-27 10:00:00', 'admin', '2026-02-03 10:00:00', '车间 WS026 主生产线', 0, '0'),
(27, 27, 'LINE027', '钣金生产线27', '0', '1.0', 'admin', '2026-01-28 11:00:00', 'admin', '2026-02-04 11:00:00', '车间 WS027 主生产线', 0, '0'),
(28, 28, 'LINE028', '包装生产线28', '0', '1.0', 'admin', '2026-01-29 12:00:00', 'admin', '2026-02-05 12:00:00', '车间 WS028 主生产线', 0, '0'),
(29, 29, 'LINE029', '柔性制造线29', '0', '1.0', 'admin', '2026-01-30 13:00:00', 'admin', '2026-02-06 13:00:00', '车间 WS029 主生产线', 0, '0'),
(30, 30, 'LINE030', '质量检测线30', '1', '1.0', 'admin', '2026-01-31 14:00:00', 'admin', '2026-02-07 14:00:00', '车间 WS030 主生产线', 0, '0');

INSERT INTO mes_work_center (work_center_id, workshop_id, work_center_code, work_center_name, capacity, status, version_no, create_by, create_time, update_by, update_time, remark, revision, del_flag) VALUES
(1, 1, 'WC001', '切削中心01', '86.500000', '0', '1.0', 'admin', '2026-01-02 09:00:00', 'admin', '2026-01-09 09:00:00', '标准日产能 86.50 件', 0, '0'),
(2, 2, 'WC002', '装配中心02', '93.000000', '0', '1.0', 'admin', '2026-01-03 10:00:00', 'admin', '2026-01-10 10:00:00', '标准日产能 93.00 件', 0, '0'),
(3, 3, 'WC003', '焊接中心03', '99.500000', '0', '1.0', 'admin', '2026-01-04 11:00:00', 'admin', '2026-01-11 11:00:00', '标准日产能 99.50 件', 0, '0'),
(4, 4, 'WC004', '冲压中心04', '106.000000', '0', '1.0', 'admin', '2026-01-05 12:00:00', 'admin', '2026-01-12 12:00:00', '标准日产能 106.00 件', 0, '0'),
(5, 5, 'WC005', '涂装中心05', '112.500000', '0', '1.0', 'admin', '2026-01-06 13:00:00', 'admin', '2026-01-13 13:00:00', '标准日产能 112.50 件', 0, '0'),
(6, 6, 'WC006', '注塑中心06', '119.000000', '0', '1.0', 'admin', '2026-01-07 14:00:00', 'admin', '2026-01-14 14:00:00', '标准日产能 119.00 件', 0, '0'),
(7, 7, 'WC007', '钣金中心07', '125.500000', '0', '1.0', 'admin', '2026-01-08 15:00:00', 'admin', '2026-01-15 15:00:00', '标准日产能 125.50 件', 0, '0'),
(8, 8, 'WC008', '包装中心08', '132.000000', '0', '1.0', 'admin', '2026-01-09 08:00:00', 'admin', '2026-01-16 08:00:00', '标准日产能 132.00 件', 0, '0'),
(9, 9, 'WC009', '检测中心09', '138.500000', '0', '1.0', 'admin', '2026-01-10 09:00:00', 'admin', '2026-01-17 09:00:00', '标准日产能 138.50 件', 0, '0'),
(10, 10, 'WC010', '维修中心10', '145.000000', '1', '1.0', 'admin', '2026-01-11 10:00:00', 'admin', '2026-01-18 10:00:00', '标准日产能 145.00 件', 0, '0'),
(11, 11, 'WC011', '切削中心11', '151.500000', '0', '1.0', 'admin', '2026-01-12 11:00:00', 'admin', '2026-01-19 11:00:00', '标准日产能 151.50 件', 0, '0'),
(12, 12, 'WC012', '装配中心12', '158.000000', '0', '1.0', 'admin', '2026-01-13 12:00:00', 'admin', '2026-01-20 12:00:00', '标准日产能 158.00 件', 0, '0'),
(13, 13, 'WC013', '焊接中心13', '164.500000', '0', '1.0', 'admin', '2026-01-14 13:00:00', 'admin', '2026-01-21 13:00:00', '标准日产能 164.50 件', 0, '0'),
(14, 14, 'WC014', '冲压中心14', '171.000000', '0', '1.0', 'admin', '2026-01-15 14:00:00', 'admin', '2026-01-22 14:00:00', '标准日产能 171.00 件', 0, '0'),
(15, 15, 'WC015', '涂装中心15', '177.500000', '0', '1.0', 'admin', '2026-01-16 15:00:00', 'admin', '2026-01-23 15:00:00', '标准日产能 177.50 件', 0, '0'),
(16, 16, 'WC016', '注塑中心16', '184.000000', '0', '1.0', 'admin', '2026-01-17 08:00:00', 'admin', '2026-01-24 08:00:00', '标准日产能 184.00 件', 0, '0'),
(17, 17, 'WC017', '钣金中心17', '190.500000', '0', '1.0', 'admin', '2026-01-18 09:00:00', 'admin', '2026-01-25 09:00:00', '标准日产能 190.50 件', 0, '0'),
(18, 18, 'WC018', '包装中心18', '197.000000', '0', '1.0', 'admin', '2026-01-19 10:00:00', 'admin', '2026-01-26 10:00:00', '标准日产能 197.00 件', 0, '0'),
(19, 19, 'WC019', '检测中心19', '203.500000', '0', '1.0', 'admin', '2026-01-20 11:00:00', 'admin', '2026-01-27 11:00:00', '标准日产能 203.50 件', 0, '0'),
(20, 20, 'WC020', '维修中心20', '210.000000', '1', '1.0', 'admin', '2026-01-21 12:00:00', 'admin', '2026-01-28 12:00:00', '标准日产能 210.00 件', 0, '0'),
(21, 21, 'WC021', '切削中心21', '216.500000', '0', '1.0', 'admin', '2026-01-22 13:00:00', 'admin', '2026-01-29 13:00:00', '标准日产能 216.50 件', 0, '0'),
(22, 22, 'WC022', '装配中心22', '223.000000', '0', '1.0', 'admin', '2026-01-23 14:00:00', 'admin', '2026-01-30 14:00:00', '标准日产能 223.00 件', 0, '0'),
(23, 23, 'WC023', '焊接中心23', '229.500000', '0', '1.0', 'admin', '2026-01-24 15:00:00', 'admin', '2026-01-31 15:00:00', '标准日产能 229.50 件', 0, '0'),
(24, 24, 'WC024', '冲压中心24', '236.000000', '0', '1.0', 'admin', '2026-01-25 08:00:00', 'admin', '2026-02-01 08:00:00', '标准日产能 236.00 件', 0, '0'),
(25, 25, 'WC025', '涂装中心25', '242.500000', '0', '1.0', 'admin', '2026-01-26 09:00:00', 'admin', '2026-02-02 09:00:00', '标准日产能 242.50 件', 0, '0'),
(26, 26, 'WC026', '注塑中心26', '249.000000', '0', '1.0', 'admin', '2026-01-27 10:00:00', 'admin', '2026-02-03 10:00:00', '标准日产能 249.00 件', 0, '0'),
(27, 27, 'WC027', '钣金中心27', '255.500000', '0', '1.0', 'admin', '2026-01-28 11:00:00', 'admin', '2026-02-04 11:00:00', '标准日产能 255.50 件', 0, '0'),
(28, 28, 'WC028', '包装中心28', '262.000000', '0', '1.0', 'admin', '2026-01-29 12:00:00', 'admin', '2026-02-05 12:00:00', '标准日产能 262.00 件', 0, '0'),
(29, 29, 'WC029', '检测中心29', '268.500000', '0', '1.0', 'admin', '2026-01-30 13:00:00', 'admin', '2026-02-06 13:00:00', '标准日产能 268.50 件', 0, '0'),
(30, 30, 'WC030', '维修中心30', '275.000000', '1', '1.0', 'admin', '2026-01-31 14:00:00', 'admin', '2026-02-07 14:00:00', '标准日产能 275.00 件', 0, '0');

INSERT INTO mes_workstation (workstation_id, line_id, work_center_id, workstation_code, workstation_name, workstation_type, status, version_no, create_by, create_time, update_by, update_time, remark, revision, del_flag) VALUES
(1, 1, 1, 'ST001', '加工工位01', '加工', '0', '1.0', 'admin', '2026-01-02 09:00:00', 'admin', '2026-01-09 09:00:00', '关联产线 LINE001、工作中心 WC001', 0, '0'),
(2, 2, 2, 'ST002', '装配工位02', '装配', '0', '1.0', 'admin', '2026-01-03 10:00:00', 'admin', '2026-01-10 10:00:00', '关联产线 LINE002、工作中心 WC002', 0, '0'),
(3, 3, 3, 'ST003', '焊接工位03', '焊接', '0', '1.0', 'admin', '2026-01-04 11:00:00', 'admin', '2026-01-11 11:00:00', '关联产线 LINE003、工作中心 WC003', 0, '0'),
(4, 4, 4, 'ST004', '冲压工位04', '冲压', '0', '1.0', 'admin', '2026-01-05 12:00:00', 'admin', '2026-01-12 12:00:00', '关联产线 LINE004、工作中心 WC004', 0, '0'),
(5, 5, 5, 'ST005', '涂装工位05', '涂装', '0', '1.0', 'admin', '2026-01-06 13:00:00', 'admin', '2026-01-13 13:00:00', '关联产线 LINE005、工作中心 WC005', 0, '0'),
(6, 6, 6, 'ST006', '注塑工位06', '注塑', '0', '1.0', 'admin', '2026-01-07 14:00:00', 'admin', '2026-01-14 14:00:00', '关联产线 LINE006、工作中心 WC006', 0, '0'),
(7, 7, 7, 'ST007', '检测工位07', '检测', '0', '1.0', 'admin', '2026-01-08 15:00:00', 'admin', '2026-01-15 15:00:00', '关联产线 LINE007、工作中心 WC007', 0, '0'),
(8, 8, 8, 'ST008', '包装工位08', '包装', '0', '1.0', 'admin', '2026-01-09 08:00:00', 'admin', '2026-01-16 08:00:00', '关联产线 LINE008、工作中心 WC008', 0, '0'),
(9, 9, 9, 'ST009', '返修工位09', '返修', '0', '1.0', 'admin', '2026-01-10 09:00:00', 'admin', '2026-01-17 09:00:00', '关联产线 LINE009、工作中心 WC009', 0, '0'),
(10, 10, 10, 'ST010', '通用工位10', '通用', '1', '1.0', 'admin', '2026-01-11 10:00:00', 'admin', '2026-01-18 10:00:00', '关联产线 LINE010、工作中心 WC010', 0, '0'),
(11, 11, 11, 'ST011', '加工工位11', '加工', '0', '1.0', 'admin', '2026-01-12 11:00:00', 'admin', '2026-01-19 11:00:00', '关联产线 LINE011、工作中心 WC011', 0, '0'),
(12, 12, 12, 'ST012', '装配工位12', '装配', '0', '1.0', 'admin', '2026-01-13 12:00:00', 'admin', '2026-01-20 12:00:00', '关联产线 LINE012、工作中心 WC012', 0, '0'),
(13, 13, 13, 'ST013', '焊接工位13', '焊接', '0', '1.0', 'admin', '2026-01-14 13:00:00', 'admin', '2026-01-21 13:00:00', '关联产线 LINE013、工作中心 WC013', 0, '0'),
(14, 14, 14, 'ST014', '冲压工位14', '冲压', '0', '1.0', 'admin', '2026-01-15 14:00:00', 'admin', '2026-01-22 14:00:00', '关联产线 LINE014、工作中心 WC014', 0, '0'),
(15, 15, 15, 'ST015', '涂装工位15', '涂装', '0', '1.0', 'admin', '2026-01-16 15:00:00', 'admin', '2026-01-23 15:00:00', '关联产线 LINE015、工作中心 WC015', 0, '0'),
(16, 16, 16, 'ST016', '注塑工位16', '注塑', '0', '1.0', 'admin', '2026-01-17 08:00:00', 'admin', '2026-01-24 08:00:00', '关联产线 LINE016、工作中心 WC016', 0, '0'),
(17, 17, 17, 'ST017', '检测工位17', '检测', '0', '1.0', 'admin', '2026-01-18 09:00:00', 'admin', '2026-01-25 09:00:00', '关联产线 LINE017、工作中心 WC017', 0, '0'),
(18, 18, 18, 'ST018', '包装工位18', '包装', '0', '1.0', 'admin', '2026-01-19 10:00:00', 'admin', '2026-01-26 10:00:00', '关联产线 LINE018、工作中心 WC018', 0, '0'),
(19, 19, 19, 'ST019', '返修工位19', '返修', '0', '1.0', 'admin', '2026-01-20 11:00:00', 'admin', '2026-01-27 11:00:00', '关联产线 LINE019、工作中心 WC019', 0, '0'),
(20, 20, 20, 'ST020', '通用工位20', '通用', '1', '1.0', 'admin', '2026-01-21 12:00:00', 'admin', '2026-01-28 12:00:00', '关联产线 LINE020、工作中心 WC020', 0, '0'),
(21, 21, 21, 'ST021', '加工工位21', '加工', '0', '1.0', 'admin', '2026-01-22 13:00:00', 'admin', '2026-01-29 13:00:00', '关联产线 LINE021、工作中心 WC021', 0, '0'),
(22, 22, 22, 'ST022', '装配工位22', '装配', '0', '1.0', 'admin', '2026-01-23 14:00:00', 'admin', '2026-01-30 14:00:00', '关联产线 LINE022、工作中心 WC022', 0, '0'),
(23, 23, 23, 'ST023', '焊接工位23', '焊接', '0', '1.0', 'admin', '2026-01-24 15:00:00', 'admin', '2026-01-31 15:00:00', '关联产线 LINE023、工作中心 WC023', 0, '0'),
(24, 24, 24, 'ST024', '冲压工位24', '冲压', '0', '1.0', 'admin', '2026-01-25 08:00:00', 'admin', '2026-02-01 08:00:00', '关联产线 LINE024、工作中心 WC024', 0, '0'),
(25, 25, 25, 'ST025', '涂装工位25', '涂装', '0', '1.0', 'admin', '2026-01-26 09:00:00', 'admin', '2026-02-02 09:00:00', '关联产线 LINE025、工作中心 WC025', 0, '0'),
(26, 26, 26, 'ST026', '注塑工位26', '注塑', '0', '1.0', 'admin', '2026-01-27 10:00:00', 'admin', '2026-02-03 10:00:00', '关联产线 LINE026、工作中心 WC026', 0, '0'),
(27, 27, 27, 'ST027', '检测工位27', '检测', '0', '1.0', 'admin', '2026-01-28 11:00:00', 'admin', '2026-02-04 11:00:00', '关联产线 LINE027、工作中心 WC027', 0, '0'),
(28, 28, 28, 'ST028', '包装工位28', '包装', '0', '1.0', 'admin', '2026-01-29 12:00:00', 'admin', '2026-02-05 12:00:00', '关联产线 LINE028、工作中心 WC028', 0, '0'),
(29, 29, 29, 'ST029', '返修工位29', '返修', '0', '1.0', 'admin', '2026-01-30 13:00:00', 'admin', '2026-02-06 13:00:00', '关联产线 LINE029、工作中心 WC029', 0, '0'),
(30, 30, 30, 'ST030', '通用工位30', '通用', '1', '1.0', 'admin', '2026-01-31 14:00:00', 'admin', '2026-02-07 14:00:00', '关联产线 LINE030、工作中心 WC030', 0, '0');

INSERT INTO mes_team (team_id, workshop_id, team_code, team_name, leader, status, version_no, create_by, create_time, update_by, update_time, remark, revision, del_flag) VALUES
(1, 1, 'TEAM001', '机加工车间班组01', '杨组长', '0', '1.0', 'admin', '2026-01-02 09:00:00', 'admin', '2026-01-09 09:00:00', '负责车间 WS001 日常生产', 0, '0'),
(2, 2, 'TEAM002', '装配车间班组02', '黄组长', '0', '1.0', 'admin', '2026-01-03 10:00:00', 'admin', '2026-01-10 10:00:00', '负责车间 WS002 日常生产', 0, '0'),
(3, 3, 'TEAM003', '焊接车间班组03', '周组长', '0', '1.0', 'admin', '2026-01-04 11:00:00', 'admin', '2026-01-11 11:00:00', '负责车间 WS003 日常生产', 0, '0'),
(4, 4, 'TEAM004', '冲压车间班组04', '吴组长', '0', '1.0', 'admin', '2026-01-05 12:00:00', 'admin', '2026-01-12 12:00:00', '负责车间 WS004 日常生产', 0, '0'),
(5, 5, 'TEAM005', '涂装车间班组05', '徐组长', '0', '1.0', 'admin', '2026-01-06 13:00:00', 'admin', '2026-01-13 13:00:00', '负责车间 WS005 日常生产', 0, '0'),
(6, 6, 'TEAM006', '注塑车间班组06', '孙组长', '0', '1.0', 'admin', '2026-01-07 14:00:00', 'admin', '2026-01-14 14:00:00', '负责车间 WS006 日常生产', 0, '0'),
(7, 7, 'TEAM007', '钣金车间班组07', '胡组长', '0', '1.0', 'admin', '2026-01-08 15:00:00', 'admin', '2026-01-15 15:00:00', '负责车间 WS007 日常生产', 0, '0'),
(8, 8, 'TEAM008', '包装车间班组08', '朱组长', '0', '1.0', 'admin', '2026-01-09 08:00:00', 'admin', '2026-01-16 08:00:00', '负责车间 WS008 日常生产', 0, '0'),
(9, 9, 'TEAM009', '精加工车间班组09', '高组长', '0', '1.0', 'admin', '2026-01-10 09:00:00', 'admin', '2026-01-17 09:00:00', '负责车间 WS009 日常生产', 0, '0'),
(10, 10, 'TEAM010', '检测车间班组10', '林组长', '1', '1.0', 'admin', '2026-01-11 10:00:00', 'admin', '2026-01-18 10:00:00', '负责车间 WS010 日常生产', 0, '0'),
(11, 11, 'TEAM011', '机加工车间班组11', '何组长', '0', '1.0', 'admin', '2026-01-12 11:00:00', 'admin', '2026-01-19 11:00:00', '负责车间 WS011 日常生产', 0, '0'),
(12, 12, 'TEAM012', '装配车间班组12', '郭组长', '0', '1.0', 'admin', '2026-01-13 12:00:00', 'admin', '2026-01-20 12:00:00', '负责车间 WS012 日常生产', 0, '0'),
(13, 13, 'TEAM013', '焊接车间班组13', '马组长', '0', '1.0', 'admin', '2026-01-14 13:00:00', 'admin', '2026-01-21 13:00:00', '负责车间 WS013 日常生产', 0, '0'),
(14, 14, 'TEAM014', '冲压车间班组14', '罗组长', '0', '1.0', 'admin', '2026-01-15 14:00:00', 'admin', '2026-01-22 14:00:00', '负责车间 WS014 日常生产', 0, '0'),
(15, 15, 'TEAM015', '涂装车间班组15', '梁组长', '0', '1.0', 'admin', '2026-01-16 15:00:00', 'admin', '2026-01-23 15:00:00', '负责车间 WS015 日常生产', 0, '0'),
(16, 16, 'TEAM016', '注塑车间班组16', '宋组长', '0', '1.0', 'admin', '2026-01-17 08:00:00', 'admin', '2026-01-24 08:00:00', '负责车间 WS016 日常生产', 0, '0'),
(17, 17, 'TEAM017', '钣金车间班组17', '郑组长', '0', '1.0', 'admin', '2026-01-18 09:00:00', 'admin', '2026-01-25 09:00:00', '负责车间 WS017 日常生产', 0, '0'),
(18, 18, 'TEAM018', '包装车间班组18', '谢组长', '0', '1.0', 'admin', '2026-01-19 10:00:00', 'admin', '2026-01-26 10:00:00', '负责车间 WS018 日常生产', 0, '0'),
(19, 19, 'TEAM019', '精加工车间班组19', '韩组长', '0', '1.0', 'admin', '2026-01-20 11:00:00', 'admin', '2026-01-27 11:00:00', '负责车间 WS019 日常生产', 0, '0'),
(20, 20, 'TEAM020', '检测车间班组20', '唐组长', '1', '1.0', 'admin', '2026-01-21 12:00:00', 'admin', '2026-01-28 12:00:00', '负责车间 WS020 日常生产', 0, '0'),
(21, 21, 'TEAM021', '机加工车间班组21', '冯组长', '0', '1.0', 'admin', '2026-01-22 13:00:00', 'admin', '2026-01-29 13:00:00', '负责车间 WS021 日常生产', 0, '0'),
(22, 22, 'TEAM022', '装配车间班组22', '于组长', '0', '1.0', 'admin', '2026-01-23 14:00:00', 'admin', '2026-01-30 14:00:00', '负责车间 WS022 日常生产', 0, '0'),
(23, 23, 'TEAM023', '焊接车间班组23', '董组长', '0', '1.0', 'admin', '2026-01-24 15:00:00', 'admin', '2026-01-31 15:00:00', '负责车间 WS023 日常生产', 0, '0'),
(24, 24, 'TEAM024', '冲压车间班组24', '萧组长', '0', '1.0', 'admin', '2026-01-25 08:00:00', 'admin', '2026-02-01 08:00:00', '负责车间 WS024 日常生产', 0, '0'),
(25, 25, 'TEAM025', '涂装车间班组25', '张组长', '0', '1.0', 'admin', '2026-01-26 09:00:00', 'admin', '2026-02-02 09:00:00', '负责车间 WS025 日常生产', 0, '0'),
(26, 26, 'TEAM026', '注塑车间班组26', '李组长', '0', '1.0', 'admin', '2026-01-27 10:00:00', 'admin', '2026-02-03 10:00:00', '负责车间 WS026 日常生产', 0, '0'),
(27, 27, 'TEAM027', '钣金车间班组27', '王组长', '0', '1.0', 'admin', '2026-01-28 11:00:00', 'admin', '2026-02-04 11:00:00', '负责车间 WS027 日常生产', 0, '0'),
(28, 28, 'TEAM028', '包装车间班组28', '赵组长', '0', '1.0', 'admin', '2026-01-29 12:00:00', 'admin', '2026-02-05 12:00:00', '负责车间 WS028 日常生产', 0, '0'),
(29, 29, 'TEAM029', '精加工车间班组29', '陈组长', '0', '1.0', 'admin', '2026-01-30 13:00:00', 'admin', '2026-02-06 13:00:00', '负责车间 WS029 日常生产', 0, '0'),
(30, 30, 'TEAM030', '检测车间班组30', '刘组长', '1', '1.0', 'admin', '2026-01-31 14:00:00', 'admin', '2026-02-07 14:00:00', '负责车间 WS030 日常生产', 0, '0');

INSERT INTO mes_shift (shift_id, shift_code, shift_name, start_time, end_time, cross_day, status, version_no, create_by, create_time, update_by, update_time, remark, revision, del_flag) VALUES
(1, 'SHIFT001', '早班01', '06:00:00', '14:00:00', '0', '0', '1.0', 'admin', '2026-01-02 09:00:00', 'admin', '2026-01-09 09:00:00', '早班测试班次', 0, '0'),
(2, 'SHIFT002', '中班01', '14:00:00', '22:00:00', '0', '0', '1.0', 'admin', '2026-01-03 10:00:00', 'admin', '2026-01-10 10:00:00', '中班测试班次', 0, '0'),
(3, 'SHIFT003', '夜班01', '22:00:00', '06:00:00', '1', '0', '1.0', 'admin', '2026-01-04 11:00:00', 'admin', '2026-01-11 11:00:00', '夜班测试班次', 0, '0'),
(4, 'SHIFT004', '行政班01', '08:00:00', '17:00:00', '0', '0', '1.0', 'admin', '2026-01-05 12:00:00', 'admin', '2026-01-12 12:00:00', '行政班测试班次', 0, '0'),
(5, 'SHIFT005', '一班01', '07:30:00', '15:30:00', '0', '0', '1.0', 'admin', '2026-01-06 13:00:00', 'admin', '2026-01-13 13:00:00', '一班测试班次', 0, '0'),
(6, 'SHIFT006', '二班01', '15:30:00', '23:30:00', '0', '0', '1.0', 'admin', '2026-01-07 14:00:00', 'admin', '2026-01-14 14:00:00', '二班测试班次', 0, '0'),
(7, 'SHIFT007', '三班01', '23:30:00', '07:30:00', '1', '0', '1.0', 'admin', '2026-01-08 15:00:00', 'admin', '2026-01-15 15:00:00', '三班测试班次', 0, '0'),
(8, 'SHIFT008', '白班01', '08:00:00', '20:00:00', '0', '0', '1.0', 'admin', '2026-01-09 08:00:00', 'admin', '2026-01-16 08:00:00', '白班测试班次', 0, '0'),
(9, 'SHIFT009', '晚班01', '20:00:00', '08:00:00', '1', '0', '1.0', 'admin', '2026-01-10 09:00:00', 'admin', '2026-01-17 09:00:00', '晚班测试班次', 0, '0'),
(10, 'SHIFT010', '日常班01', '09:00:00', '18:00:00', '0', '1', '1.0', 'admin', '2026-01-11 10:00:00', 'admin', '2026-01-18 10:00:00', '日常班测试班次', 0, '0'),
(11, 'SHIFT011', '早班02', '06:00:00', '14:00:00', '0', '0', '1.0', 'admin', '2026-01-12 11:00:00', 'admin', '2026-01-19 11:00:00', '早班测试班次', 0, '0'),
(12, 'SHIFT012', '中班02', '14:00:00', '22:00:00', '0', '0', '1.0', 'admin', '2026-01-13 12:00:00', 'admin', '2026-01-20 12:00:00', '中班测试班次', 0, '0'),
(13, 'SHIFT013', '夜班02', '22:00:00', '06:00:00', '1', '0', '1.0', 'admin', '2026-01-14 13:00:00', 'admin', '2026-01-21 13:00:00', '夜班测试班次', 0, '0'),
(14, 'SHIFT014', '行政班02', '08:00:00', '17:00:00', '0', '0', '1.0', 'admin', '2026-01-15 14:00:00', 'admin', '2026-01-22 14:00:00', '行政班测试班次', 0, '0'),
(15, 'SHIFT015', '一班02', '07:30:00', '15:30:00', '0', '0', '1.0', 'admin', '2026-01-16 15:00:00', 'admin', '2026-01-23 15:00:00', '一班测试班次', 0, '0'),
(16, 'SHIFT016', '二班02', '15:30:00', '23:30:00', '0', '0', '1.0', 'admin', '2026-01-17 08:00:00', 'admin', '2026-01-24 08:00:00', '二班测试班次', 0, '0'),
(17, 'SHIFT017', '三班02', '23:30:00', '07:30:00', '1', '0', '1.0', 'admin', '2026-01-18 09:00:00', 'admin', '2026-01-25 09:00:00', '三班测试班次', 0, '0'),
(18, 'SHIFT018', '白班02', '08:00:00', '20:00:00', '0', '0', '1.0', 'admin', '2026-01-19 10:00:00', 'admin', '2026-01-26 10:00:00', '白班测试班次', 0, '0'),
(19, 'SHIFT019', '晚班02', '20:00:00', '08:00:00', '1', '0', '1.0', 'admin', '2026-01-20 11:00:00', 'admin', '2026-01-27 11:00:00', '晚班测试班次', 0, '0'),
(20, 'SHIFT020', '日常班02', '09:00:00', '18:00:00', '0', '1', '1.0', 'admin', '2026-01-21 12:00:00', 'admin', '2026-01-28 12:00:00', '日常班测试班次', 0, '0'),
(21, 'SHIFT021', '早班03', '06:00:00', '14:00:00', '0', '0', '1.0', 'admin', '2026-01-22 13:00:00', 'admin', '2026-01-29 13:00:00', '早班测试班次', 0, '0'),
(22, 'SHIFT022', '中班03', '14:00:00', '22:00:00', '0', '0', '1.0', 'admin', '2026-01-23 14:00:00', 'admin', '2026-01-30 14:00:00', '中班测试班次', 0, '0'),
(23, 'SHIFT023', '夜班03', '22:00:00', '06:00:00', '1', '0', '1.0', 'admin', '2026-01-24 15:00:00', 'admin', '2026-01-31 15:00:00', '夜班测试班次', 0, '0'),
(24, 'SHIFT024', '行政班03', '08:00:00', '17:00:00', '0', '0', '1.0', 'admin', '2026-01-25 08:00:00', 'admin', '2026-02-01 08:00:00', '行政班测试班次', 0, '0'),
(25, 'SHIFT025', '一班03', '07:30:00', '15:30:00', '0', '0', '1.0', 'admin', '2026-01-26 09:00:00', 'admin', '2026-02-02 09:00:00', '一班测试班次', 0, '0'),
(26, 'SHIFT026', '二班03', '15:30:00', '23:30:00', '0', '0', '1.0', 'admin', '2026-01-27 10:00:00', 'admin', '2026-02-03 10:00:00', '二班测试班次', 0, '0'),
(27, 'SHIFT027', '三班03', '23:30:00', '07:30:00', '1', '0', '1.0', 'admin', '2026-01-28 11:00:00', 'admin', '2026-02-04 11:00:00', '三班测试班次', 0, '0'),
(28, 'SHIFT028', '白班03', '08:00:00', '20:00:00', '0', '0', '1.0', 'admin', '2026-01-29 12:00:00', 'admin', '2026-02-05 12:00:00', '白班测试班次', 0, '0'),
(29, 'SHIFT029', '晚班03', '20:00:00', '08:00:00', '1', '0', '1.0', 'admin', '2026-01-30 13:00:00', 'admin', '2026-02-06 13:00:00', '晚班测试班次', 0, '0'),
(30, 'SHIFT030', '日常班03', '09:00:00', '18:00:00', '0', '1', '1.0', 'admin', '2026-01-31 14:00:00', 'admin', '2026-02-07 14:00:00', '日常班测试班次', 0, '0');

INSERT INTO mes_equipment (equipment_id, workstation_id, equipment_code, equipment_name, equipment_type, status, version_no, create_by, create_time, update_by, update_time, remark, revision, del_flag) VALUES
(1, 1, 'EQ001', 'CNC加工中心01', 'CNC加工中心', '0', '1.0', 'admin', '2026-01-02 09:00:00', 'admin', '2026-01-09 09:00:00', '安装于工位 ST001', 0, '0'),
(2, 2, 'EQ002', '工业机器人02', '工业机器人', '0', '1.0', 'admin', '2026-01-03 10:00:00', 'admin', '2026-01-10 10:00:00', '安装于工位 ST002', 0, '0'),
(3, 3, 'EQ003', '激光焊机03', '激光焊机', '0', '1.0', 'admin', '2026-01-04 11:00:00', 'admin', '2026-01-11 11:00:00', '安装于工位 ST003', 0, '0'),
(4, 4, 'EQ004', '液压冲床04', '液压冲床', '0', '1.0', 'admin', '2026-01-05 12:00:00', 'admin', '2026-01-12 12:00:00', '安装于工位 ST004', 0, '0'),
(5, 5, 'EQ005', '自动喷涂机05', '自动喷涂机', '0', '1.0', 'admin', '2026-01-06 13:00:00', 'admin', '2026-01-13 13:00:00', '安装于工位 ST005', 0, '0'),
(6, 6, 'EQ006', '注塑机06', '注塑机', '0', '1.0', 'admin', '2026-01-07 14:00:00', 'admin', '2026-01-14 14:00:00', '安装于工位 ST006', 0, '0'),
(7, 7, 'EQ007', '折弯机07', '折弯机', '0', '1.0', 'admin', '2026-01-08 15:00:00', 'admin', '2026-01-15 15:00:00', '安装于工位 ST007', 0, '0'),
(8, 8, 'EQ008', '自动包装机08', '自动包装机', '0', '1.0', 'admin', '2026-01-09 08:00:00', 'admin', '2026-01-16 08:00:00', '安装于工位 ST008', 0, '0'),
(9, 9, 'EQ009', '三坐标测量机09', '三坐标测量机', '0', '1.0', 'admin', '2026-01-10 09:00:00', 'admin', '2026-01-17 09:00:00', '安装于工位 ST009', 0, '0'),
(10, 10, 'EQ010', '空压机10', '空压机', '1', '1.0', 'admin', '2026-01-11 10:00:00', 'admin', '2026-01-18 10:00:00', '安装于工位 ST010', 0, '0'),
(11, 11, 'EQ011', 'CNC加工中心11', 'CNC加工中心', '0', '1.0', 'admin', '2026-01-12 11:00:00', 'admin', '2026-01-19 11:00:00', '安装于工位 ST011', 0, '0'),
(12, 12, 'EQ012', '工业机器人12', '工业机器人', '0', '1.0', 'admin', '2026-01-13 12:00:00', 'admin', '2026-01-20 12:00:00', '安装于工位 ST012', 0, '0'),
(13, 13, 'EQ013', '激光焊机13', '激光焊机', '0', '1.0', 'admin', '2026-01-14 13:00:00', 'admin', '2026-01-21 13:00:00', '安装于工位 ST013', 0, '0'),
(14, 14, 'EQ014', '液压冲床14', '液压冲床', '0', '1.0', 'admin', '2026-01-15 14:00:00', 'admin', '2026-01-22 14:00:00', '安装于工位 ST014', 0, '0'),
(15, 15, 'EQ015', '自动喷涂机15', '自动喷涂机', '0', '1.0', 'admin', '2026-01-16 15:00:00', 'admin', '2026-01-23 15:00:00', '安装于工位 ST015', 0, '0'),
(16, 16, 'EQ016', '注塑机16', '注塑机', '0', '1.0', 'admin', '2026-01-17 08:00:00', 'admin', '2026-01-24 08:00:00', '安装于工位 ST016', 0, '0'),
(17, 17, 'EQ017', '折弯机17', '折弯机', '0', '1.0', 'admin', '2026-01-18 09:00:00', 'admin', '2026-01-25 09:00:00', '安装于工位 ST017', 0, '0'),
(18, 18, 'EQ018', '自动包装机18', '自动包装机', '0', '1.0', 'admin', '2026-01-19 10:00:00', 'admin', '2026-01-26 10:00:00', '安装于工位 ST018', 0, '0'),
(19, 19, 'EQ019', '三坐标测量机19', '三坐标测量机', '0', '1.0', 'admin', '2026-01-20 11:00:00', 'admin', '2026-01-27 11:00:00', '安装于工位 ST019', 0, '0'),
(20, 20, 'EQ020', '空压机20', '空压机', '1', '1.0', 'admin', '2026-01-21 12:00:00', 'admin', '2026-01-28 12:00:00', '安装于工位 ST020', 0, '0'),
(21, 21, 'EQ021', 'CNC加工中心21', 'CNC加工中心', '0', '1.0', 'admin', '2026-01-22 13:00:00', 'admin', '2026-01-29 13:00:00', '安装于工位 ST021', 0, '0'),
(22, 22, 'EQ022', '工业机器人22', '工业机器人', '0', '1.0', 'admin', '2026-01-23 14:00:00', 'admin', '2026-01-30 14:00:00', '安装于工位 ST022', 0, '0'),
(23, 23, 'EQ023', '激光焊机23', '激光焊机', '0', '1.0', 'admin', '2026-01-24 15:00:00', 'admin', '2026-01-31 15:00:00', '安装于工位 ST023', 0, '0'),
(24, 24, 'EQ024', '液压冲床24', '液压冲床', '0', '1.0', 'admin', '2026-01-25 08:00:00', 'admin', '2026-02-01 08:00:00', '安装于工位 ST024', 0, '0'),
(25, 25, 'EQ025', '自动喷涂机25', '自动喷涂机', '0', '1.0', 'admin', '2026-01-26 09:00:00', 'admin', '2026-02-02 09:00:00', '安装于工位 ST025', 0, '0'),
(26, 26, 'EQ026', '注塑机26', '注塑机', '0', '1.0', 'admin', '2026-01-27 10:00:00', 'admin', '2026-02-03 10:00:00', '安装于工位 ST026', 0, '0'),
(27, 27, 'EQ027', '折弯机27', '折弯机', '0', '1.0', 'admin', '2026-01-28 11:00:00', 'admin', '2026-02-04 11:00:00', '安装于工位 ST027', 0, '0'),
(28, 28, 'EQ028', '自动包装机28', '自动包装机', '0', '1.0', 'admin', '2026-01-29 12:00:00', 'admin', '2026-02-05 12:00:00', '安装于工位 ST028', 0, '0'),
(29, 29, 'EQ029', '三坐标测量机29', '三坐标测量机', '0', '1.0', 'admin', '2026-01-30 13:00:00', 'admin', '2026-02-06 13:00:00', '安装于工位 ST029', 0, '0'),
(30, 30, 'EQ030', '空压机30', '空压机', '1', '1.0', 'admin', '2026-01-31 14:00:00', 'admin', '2026-02-07 14:00:00', '安装于工位 ST030', 0, '0');

INSERT INTO mes_unit (unit_id, unit_code, unit_name, precision_num, status, version_no, create_by, create_time, update_by, update_time, remark, revision, del_flag) VALUES
(1, 'PCS', '件', 0, '0', '1.0', 'admin', '2026-01-02 09:00:00', 'admin', '2026-01-09 09:00:00', '件计量单位', 0, '0'),
(2, 'SET', '套', 0, '0', '1.0', 'admin', '2026-01-03 10:00:00', 'admin', '2026-01-10 10:00:00', '套计量单位', 0, '0'),
(3, 'BOX', '箱', 0, '0', '1.0', 'admin', '2026-01-04 11:00:00', 'admin', '2026-01-11 11:00:00', '箱计量单位', 0, '0'),
(4, 'UNIT', '台', 0, '0', '1.0', 'admin', '2026-01-05 12:00:00', 'admin', '2026-01-12 12:00:00', '台计量单位', 0, '0'),
(5, 'KG', '千克', 3, '0', '1.0', 'admin', '2026-01-06 13:00:00', 'admin', '2026-01-13 13:00:00', '千克计量单位', 0, '0'),
(6, 'G', '克', 2, '0', '1.0', 'admin', '2026-01-07 14:00:00', 'admin', '2026-01-14 14:00:00', '克计量单位', 0, '0'),
(7, 'T', '吨', 3, '0', '1.0', 'admin', '2026-01-08 15:00:00', 'admin', '2026-01-15 15:00:00', '吨计量单位', 0, '0'),
(8, 'M', '米', 3, '0', '1.0', 'admin', '2026-01-09 08:00:00', 'admin', '2026-01-16 08:00:00', '米计量单位', 0, '0'),
(9, 'CM', '厘米', 2, '0', '1.0', 'admin', '2026-01-10 09:00:00', 'admin', '2026-01-17 09:00:00', '厘米计量单位', 0, '0'),
(10, 'MM', '毫米', 3, '1', '1.0', 'admin', '2026-01-11 10:00:00', 'admin', '2026-01-18 10:00:00', '毫米计量单位', 0, '0'),
(11, 'M2', '平方米', 3, '0', '1.0', 'admin', '2026-01-12 11:00:00', 'admin', '2026-01-19 11:00:00', '平方米计量单位', 0, '0'),
(12, 'M3', '立方米', 3, '0', '1.0', 'admin', '2026-01-13 12:00:00', 'admin', '2026-01-20 12:00:00', '立方米计量单位', 0, '0'),
(13, 'L', '升', 3, '0', '1.0', 'admin', '2026-01-14 13:00:00', 'admin', '2026-01-21 13:00:00', '升计量单位', 0, '0'),
(14, 'ML', '毫升', 2, '0', '1.0', 'admin', '2026-01-15 14:00:00', 'admin', '2026-01-22 14:00:00', '毫升计量单位', 0, '0'),
(15, 'ROLL', '卷', 0, '0', '1.0', 'admin', '2026-01-16 15:00:00', 'admin', '2026-01-23 15:00:00', '卷计量单位', 0, '0'),
(16, 'SHEET', '张', 0, '0', '1.0', 'admin', '2026-01-17 08:00:00', 'admin', '2026-01-24 08:00:00', '张计量单位', 0, '0'),
(17, 'BAG', '袋', 0, '0', '1.0', 'admin', '2026-01-18 09:00:00', 'admin', '2026-01-25 09:00:00', '袋计量单位', 0, '0'),
(18, 'BOTTLE', '瓶', 0, '0', '1.0', 'admin', '2026-01-19 10:00:00', 'admin', '2026-01-26 10:00:00', '瓶计量单位', 0, '0'),
(19, 'BAR', '根', 0, '0', '1.0', 'admin', '2026-01-20 11:00:00', 'admin', '2026-01-27 11:00:00', '根计量单位', 0, '0'),
(20, 'BLOCK', '块', 0, '1', '1.0', 'admin', '2026-01-21 12:00:00', 'admin', '2026-01-28 12:00:00', '块计量单位', 0, '0'),
(21, 'PAIR', '对', 0, '0', '1.0', 'admin', '2026-01-22 13:00:00', 'admin', '2026-01-29 13:00:00', '对计量单位', 0, '0'),
(22, 'DOZEN', '打', 0, '0', '1.0', 'admin', '2026-01-23 14:00:00', 'admin', '2026-01-30 14:00:00', '打计量单位', 0, '0'),
(23, 'HOUR', '小时', 2, '0', '1.0', 'admin', '2026-01-24 15:00:00', 'admin', '2026-01-31 15:00:00', '小时计量单位', 0, '0'),
(24, 'MIN', '分钟', 2, '0', '1.0', 'admin', '2026-01-25 08:00:00', 'admin', '2026-02-01 08:00:00', '分钟计量单位', 0, '0'),
(25, 'SECOND', '秒', 0, '0', '1.0', 'admin', '2026-01-26 09:00:00', 'admin', '2026-02-02 09:00:00', '秒计量单位', 0, '0'),
(26, 'KWH', '千瓦时', 3, '0', '1.0', 'admin', '2026-01-27 10:00:00', 'admin', '2026-02-03 10:00:00', '千瓦时计量单位', 0, '0'),
(27, 'AMP', '安培', 2, '0', '1.0', 'admin', '2026-01-28 11:00:00', 'admin', '2026-02-04 11:00:00', '安培计量单位', 0, '0'),
(28, 'VOLT', '伏特', 2, '0', '1.0', 'admin', '2026-01-29 12:00:00', 'admin', '2026-02-05 12:00:00', '伏特计量单位', 0, '0'),
(29, 'MPA', '兆帕', 3, '0', '1.0', 'admin', '2026-01-30 13:00:00', 'admin', '2026-02-06 13:00:00', '兆帕计量单位', 0, '0'),
(30, 'PERCENT', '百分比', 2, '1', '1.0', 'admin', '2026-01-31 14:00:00', 'admin', '2026-02-07 14:00:00', '百分比计量单位', 0, '0');

INSERT INTO mes_material (material_id, material_code, material_name, specification, material_type, unit_id, batch_manage_type, status, version_no, create_by, create_time, update_by, update_time, remark, revision, del_flag) VALUES
(1, 'P0001', '智能控制柜', 'FG-001-A', 'product', 1, 'batch', '0', '1.0', 'admin', '2026-01-02 09:00:00', 'admin', '2026-01-09 09:00:00', '智能控制柜成品物料', 0, '0'),
(2, 'P0002', '精密减速箱', 'FG-002-A', 'product', 2, 'batch', '0', '1.0', 'admin', '2026-01-03 10:00:00', 'admin', '2026-01-10 10:00:00', '精密减速箱成品物料', 0, '0'),
(3, 'P0003', '伺服驱动模组', 'FG-003-A', 'product', 4, 'batch', '0', '1.0', 'admin', '2026-01-04 11:00:00', 'admin', '2026-01-11 11:00:00', '伺服驱动模组成品物料', 0, '0'),
(4, 'P0004', '工业传感器组件', 'FG-004-A', 'product', 1, 'batch', '0', '1.0', 'admin', '2026-01-05 12:00:00', 'admin', '2026-01-12 12:00:00', '工业传感器组件成品物料', 0, '0'),
(5, 'P0005', '自动化输送单元', 'FG-005-A', 'product', 2, 'batch', '0', '1.0', 'admin', '2026-01-06 13:00:00', 'admin', '2026-01-13 13:00:00', '自动化输送单元成品物料', 0, '0'),
(6, 'P0006', '机器人夹具总成', 'FG-006-A', 'product', 4, 'batch', '0', '1.0', 'admin', '2026-01-07 14:00:00', 'admin', '2026-01-14 14:00:00', '机器人夹具总成成品物料', 0, '0'),
(7, 'P0007', '数控机床护罩', 'FG-007-A', 'product', 1, 'batch', '0', '1.0', 'admin', '2026-01-08 15:00:00', 'admin', '2026-01-15 15:00:00', '数控机床护罩成品物料', 0, '0'),
(8, 'P0008', '电气控制箱', 'FG-008-A', 'product', 2, 'batch', '0', '1.0', 'admin', '2026-01-09 08:00:00', 'admin', '2026-01-16 08:00:00', '电气控制箱成品物料', 0, '0'),
(9, 'P0009', '液压动力单元', 'FG-009-A', 'product', 4, 'batch', '0', '1.0', 'admin', '2026-01-10 09:00:00', 'admin', '2026-01-17 09:00:00', '液压动力单元成品物料', 0, '0'),
(10, 'P0010', '气动执行模块', 'FG-010-A', 'product', 1, 'batch', '1', '1.0', 'admin', '2026-01-11 10:00:00', 'admin', '2026-01-18 10:00:00', '气动执行模块成品物料', 0, '0'),
(11, 'P0011', '精密轴承座', 'FG-011-A', 'product', 2, 'batch', '0', '1.0', 'admin', '2026-01-12 11:00:00', 'admin', '2026-01-19 11:00:00', '精密轴承座成品物料', 0, '0'),
(12, 'P0012', '高强度联轴器', 'FG-012-A', 'product', 4, 'batch', '0', '1.0', 'admin', '2026-01-13 12:00:00', 'admin', '2026-01-20 12:00:00', '高强度联轴器成品物料', 0, '0'),
(13, 'P0013', '自动检测治具', 'FG-013-A', 'product', 1, 'batch', '0', '1.0', 'admin', '2026-01-14 13:00:00', 'admin', '2026-01-21 13:00:00', '自动检测治具成品物料', 0, '0'),
(14, 'P0014', '金属机箱总成', 'FG-014-A', 'product', 2, 'batch', '0', '1.0', 'admin', '2026-01-15 14:00:00', 'admin', '2026-01-22 14:00:00', '金属机箱总成成品物料', 0, '0'),
(15, 'P0015', '电机安装底座', 'FG-015-A', 'product', 4, 'batch', '0', '1.0', 'admin', '2026-01-16 15:00:00', 'admin', '2026-01-23 15:00:00', '电机安装底座成品物料', 0, '0'),
(16, 'P0016', '智能装配工装', 'FG-016-A', 'product', 1, 'batch', '0', '1.0', 'admin', '2026-01-17 08:00:00', 'admin', '2026-01-24 08:00:00', '智能装配工装成品物料', 0, '0'),
(17, 'P0017', '工业操作面板', 'FG-017-A', 'product', 2, 'batch', '0', '1.0', 'admin', '2026-01-18 09:00:00', 'admin', '2026-01-25 09:00:00', '工业操作面板成品物料', 0, '0'),
(18, 'P0018', '高速传动组件', 'FG-018-A', 'product', 4, 'batch', '0', '1.0', 'admin', '2026-01-19 10:00:00', 'admin', '2026-01-26 10:00:00', '高速传动组件成品物料', 0, '0'),
(19, 'P0019', '模块化工作台', 'FG-019-A', 'product', 1, 'batch', '0', '1.0', 'admin', '2026-01-20 11:00:00', 'admin', '2026-01-27 11:00:00', '模块化工作台成品物料', 0, '0'),
(20, 'P0020', '自动送料装置', 'FG-020-A', 'product', 2, 'batch', '1', '1.0', 'admin', '2026-01-21 12:00:00', 'admin', '2026-01-28 12:00:00', '自动送料装置成品物料', 0, '0'),
(21, 'P0021', '精密阀体总成', 'FG-021-A', 'product', 4, 'batch', '0', '1.0', 'admin', '2026-01-22 13:00:00', 'admin', '2026-01-29 13:00:00', '精密阀体总成成品物料', 0, '0'),
(22, 'P0022', '温控执行单元', 'FG-022-A', 'product', 1, 'batch', '0', '1.0', 'admin', '2026-01-23 14:00:00', 'admin', '2026-01-30 14:00:00', '温控执行单元成品物料', 0, '0'),
(23, 'P0023', '机电一体化模组', 'FG-023-A', 'product', 2, 'batch', '0', '1.0', 'admin', '2026-01-24 15:00:00', 'admin', '2026-01-31 15:00:00', '机电一体化模组成品物料', 0, '0'),
(24, 'P0024', '柔性定位夹具', 'FG-024-A', 'product', 4, 'batch', '0', '1.0', 'admin', '2026-01-25 08:00:00', 'admin', '2026-02-01 08:00:00', '柔性定位夹具成品物料', 0, '0'),
(25, 'P0025', '视觉检测支架', 'FG-025-A', 'product', 1, 'batch', '0', '1.0', 'admin', '2026-01-26 09:00:00', 'admin', '2026-02-02 09:00:00', '视觉检测支架成品物料', 0, '0'),
(26, 'P0026', '工业网络机柜', 'FG-026-A', 'product', 2, 'batch', '0', '1.0', 'admin', '2026-01-27 10:00:00', 'admin', '2026-02-03 10:00:00', '工业网络机柜成品物料', 0, '0'),
(27, 'P0027', '自动锁附模组', 'FG-027-A', 'product', 4, 'batch', '0', '1.0', 'admin', '2026-01-28 11:00:00', 'admin', '2026-02-04 11:00:00', '自动锁附模组成品物料', 0, '0'),
(28, 'P0028', '多轴运动平台', 'FG-028-A', 'product', 1, 'batch', '0', '1.0', 'admin', '2026-01-29 12:00:00', 'admin', '2026-02-05 12:00:00', '多轴运动平台成品物料', 0, '0'),
(29, 'P0029', '智能分拣单元', 'FG-029-A', 'product', 2, 'batch', '0', '1.0', 'admin', '2026-01-30 13:00:00', 'admin', '2026-02-06 13:00:00', '智能分拣单元成品物料', 0, '0'),
(30, 'P0030', '成品包装套件', 'FG-030-A', 'product', 4, 'batch', '1', '1.0', 'admin', '2026-01-31 14:00:00', 'admin', '2026-02-07 14:00:00', '成品包装套件成品物料', 0, '0'),
(31, 'S0001', '控制柜箱体', 'SF-001-B', 'semi', 1, 'batch', '0', '1.0', 'admin', '2026-02-01 15:00:00', 'admin', '2026-02-08 15:00:00', '控制柜箱体半成品物料', 0, '0'),
(32, 'S0002', '减速箱壳体', 'SF-002-B', 'semi', 2, 'batch', '0', '1.0', 'admin', '2026-02-02 08:00:00', 'admin', '2026-02-09 08:00:00', '减速箱壳体半成品物料', 0, '0'),
(33, 'S0003', '驱动器底板', 'SF-003-B', 'semi', 4, 'batch', '0', '1.0', 'admin', '2026-02-03 09:00:00', 'admin', '2026-02-10 09:00:00', '驱动器底板半成品物料', 0, '0'),
(34, 'S0004', '传感器壳体', 'SF-004-B', 'semi', 1, 'batch', '0', '1.0', 'admin', '2026-02-04 10:00:00', 'admin', '2026-02-11 10:00:00', '传感器壳体半成品物料', 0, '0'),
(35, 'S0005', '输送机框架', 'SF-005-B', 'semi', 2, 'batch', '0', '1.0', 'admin', '2026-02-05 11:00:00', 'admin', '2026-02-12 11:00:00', '输送机框架半成品物料', 0, '0'),
(36, 'S0006', '夹具基座', 'SF-006-B', 'semi', 4, 'batch', '0', '1.0', 'admin', '2026-02-06 12:00:00', 'admin', '2026-02-13 12:00:00', '夹具基座半成品物料', 0, '0'),
(37, 'S0007', '机床护罩组件', 'SF-007-B', 'semi', 1, 'batch', '0', '1.0', 'admin', '2026-02-07 13:00:00', 'admin', '2026-02-14 13:00:00', '机床护罩组件半成品物料', 0, '0'),
(38, 'S0008', '控制箱门板', 'SF-008-B', 'semi', 2, 'batch', '0', '1.0', 'admin', '2026-02-08 14:00:00', 'admin', '2026-02-15 14:00:00', '控制箱门板半成品物料', 0, '0'),
(39, 'S0009', '液压阀组', 'SF-009-B', 'semi', 4, 'batch', '0', '1.0', 'admin', '2026-02-09 15:00:00', 'admin', '2026-02-16 15:00:00', '液压阀组半成品物料', 0, '0'),
(40, 'S0010', '气缸安装板', 'SF-010-B', 'semi', 1, 'batch', '1', '1.0', 'admin', '2026-02-10 08:00:00', 'admin', '2026-02-17 08:00:00', '气缸安装板半成品物料', 0, '0'),
(41, 'S0011', '轴承座毛坯', 'SF-011-B', 'semi', 2, 'batch', '0', '1.0', 'admin', '2026-02-11 09:00:00', 'admin', '2026-02-18 09:00:00', '轴承座毛坯半成品物料', 0, '0'),
(42, 'S0012', '联轴器半成品', 'SF-012-B', 'semi', 4, 'batch', '0', '1.0', 'admin', '2026-02-12 10:00:00', 'admin', '2026-02-19 10:00:00', '联轴器半成品半成品物料', 0, '0'),
(43, 'S0013', '检测治具框架', 'SF-013-B', 'semi', 1, 'batch', '0', '1.0', 'admin', '2026-02-13 11:00:00', 'admin', '2026-02-20 11:00:00', '检测治具框架半成品物料', 0, '0'),
(44, 'S0014', '机箱钣金件', 'SF-014-B', 'semi', 2, 'batch', '0', '1.0', 'admin', '2026-02-14 12:00:00', 'admin', '2026-02-21 12:00:00', '机箱钣金件半成品物料', 0, '0'),
(45, 'S0015', '电机底座毛坯', 'SF-015-B', 'semi', 4, 'batch', '0', '1.0', 'admin', '2026-02-15 13:00:00', 'admin', '2026-02-22 13:00:00', '电机底座毛坯半成品物料', 0, '0'),
(46, 'S0016', '装配工装底板', 'SF-016-B', 'semi', 1, 'batch', '0', '1.0', 'admin', '2026-02-16 14:00:00', 'admin', '2026-02-23 14:00:00', '装配工装底板半成品物料', 0, '0'),
(47, 'S0017', '操作面板壳体', 'SF-017-B', 'semi', 2, 'batch', '0', '1.0', 'admin', '2026-02-17 15:00:00', 'admin', '2026-02-24 15:00:00', '操作面板壳体半成品物料', 0, '0'),
(48, 'S0018', '传动轴组件', 'SF-018-B', 'semi', 4, 'batch', '0', '1.0', 'admin', '2026-02-18 08:00:00', 'admin', '2026-02-25 08:00:00', '传动轴组件半成品物料', 0, '0'),
(49, 'S0019', '工作台框架', 'SF-019-B', 'semi', 1, 'batch', '0', '1.0', 'admin', '2026-02-19 09:00:00', 'admin', '2026-02-26 09:00:00', '工作台框架半成品物料', 0, '0'),
(50, 'S0020', '送料机支架', 'SF-020-B', 'semi', 2, 'batch', '1', '1.0', 'admin', '2026-02-20 10:00:00', 'admin', '2026-02-27 10:00:00', '送料机支架半成品物料', 0, '0'),
(51, 'R0001', 'Q235钢板', 'RM-001', 'raw', 5, 'batch', '0', '1.0', 'admin', '2026-02-21 11:00:00', 'admin', '2026-02-28 11:00:00', 'Q235钢板原材料', 0, '0'),
(52, 'R0002', '304不锈钢板', 'RM-002', 'raw', 16, 'batch', '0', '1.0', 'admin', '2026-02-22 12:00:00', 'admin', '2026-03-01 12:00:00', '304不锈钢板原材料', 0, '0'),
(53, 'R0003', '6061铝板', 'RM-003', 'raw', 8, 'batch', '0', '1.0', 'admin', '2026-02-23 13:00:00', 'admin', '2026-03-02 13:00:00', '6061铝板原材料', 0, '0'),
(54, 'R0004', '45号圆钢', 'RM-004', 'raw', 19, 'batch', '0', '1.0', 'admin', '2026-02-24 14:00:00', 'admin', '2026-03-03 14:00:00', '45号圆钢原材料', 0, '0'),
(55, 'R0005', '20号方钢', 'RM-005', 'raw', 5, 'batch', '0', '1.0', 'admin', '2026-02-25 15:00:00', 'admin', '2026-03-04 15:00:00', '20号方钢原材料', 0, '0'),
(56, 'R0006', '紫铜板', 'RM-006', 'raw', 16, 'batch', '0', '1.0', 'admin', '2026-02-26 08:00:00', 'admin', '2026-03-05 08:00:00', '紫铜板原材料', 0, '0'),
(57, 'R0007', '黄铜棒', 'RM-007', 'raw', 8, 'batch', '0', '1.0', 'admin', '2026-02-27 09:00:00', 'admin', '2026-03-06 09:00:00', '黄铜棒原材料', 0, '0'),
(58, 'R0008', 'ABS工程塑料', 'RM-008', 'raw', 19, 'batch', '0', '1.0', 'admin', '2026-02-28 10:00:00', 'admin', '2026-03-07 10:00:00', 'ABS工程塑料原材料', 0, '0'),
(59, 'R0009', '尼龙棒', 'RM-009', 'raw', 5, 'batch', '0', '1.0', 'admin', '2026-03-01 11:00:00', 'admin', '2026-03-08 11:00:00', '尼龙棒原材料', 0, '0'),
(60, 'R0010', '硅胶密封条', 'RM-010', 'raw', 16, 'batch', '1', '1.0', 'admin', '2026-03-02 12:00:00', 'admin', '2026-03-09 12:00:00', '硅胶密封条原材料', 0, '0'),
(61, 'R0011', 'M6内六角螺栓', 'RM-011', 'raw', 1, 'batch', '0', '1.0', 'admin', '2026-03-03 13:00:00', 'admin', '2026-03-10 13:00:00', 'M6内六角螺栓原材料', 0, '0'),
(62, 'R0012', 'M8内六角螺栓', 'RM-012', 'raw', 1, 'batch', '0', '1.0', 'admin', '2026-03-04 14:00:00', 'admin', '2026-03-11 14:00:00', 'M8内六角螺栓原材料', 0, '0'),
(63, 'R0013', 'M10高强度螺栓', 'RM-013', 'raw', 1, 'batch', '0', '1.0', 'admin', '2026-03-05 15:00:00', 'admin', '2026-03-12 15:00:00', 'M10高强度螺栓原材料', 0, '0'),
(64, 'R0014', 'M6平垫圈', 'RM-014', 'raw', 1, 'batch', '0', '1.0', 'admin', '2026-03-06 08:00:00', 'admin', '2026-03-13 08:00:00', 'M6平垫圈原材料', 0, '0'),
(65, 'R0015', 'M8弹簧垫圈', 'RM-015', 'raw', 1, 'batch', '0', '1.0', 'admin', '2026-03-07 09:00:00', 'admin', '2026-03-14 09:00:00', 'M8弹簧垫圈原材料', 0, '0'),
(66, 'R0016', '深沟球轴承6204', 'RM-016', 'raw', 1, 'batch', '0', '1.0', 'admin', '2026-03-08 10:00:00', 'admin', '2026-03-15 10:00:00', '深沟球轴承6204原材料', 0, '0'),
(67, 'R0017', '深沟球轴承6205', 'RM-017', 'raw', 1, 'batch', '0', '1.0', 'admin', '2026-03-09 11:00:00', 'admin', '2026-03-16 11:00:00', '深沟球轴承6205原材料', 0, '0'),
(68, 'R0018', '直线导轨HG15', 'RM-018', 'raw', 1, 'batch', '0', '1.0', 'admin', '2026-03-10 12:00:00', 'admin', '2026-03-17 12:00:00', '直线导轨HG15原材料', 0, '0'),
(69, 'R0019', '同步带HTD5M', 'RM-019', 'raw', 1, 'batch', '0', '1.0', 'admin', '2026-03-11 13:00:00', 'admin', '2026-03-18 13:00:00', '同步带HTD5M原材料', 0, '0'),
(70, 'R0020', '同步轮20齿', 'RM-020', 'raw', 1, 'batch', '1', '1.0', 'admin', '2026-03-12 14:00:00', 'admin', '2026-03-19 14:00:00', '同步轮20齿原材料', 0, '0'),
(71, 'R0021', '24V开关电源', 'RM-021', 'raw', 1, 'serial', '0', '1.0', 'admin', '2026-03-13 15:00:00', 'admin', '2026-03-20 15:00:00', '24V开关电源原材料', 0, '0'),
(72, 'R0022', 'PLC控制器', 'RM-022', 'raw', 1, 'serial', '0', '1.0', 'admin', '2026-03-14 08:00:00', 'admin', '2026-03-21 08:00:00', 'PLC控制器原材料', 0, '0'),
(73, 'R0023', '伺服电机400W', 'RM-023', 'raw', 1, 'batch', '0', '1.0', 'admin', '2026-03-15 09:00:00', 'admin', '2026-03-22 09:00:00', '伺服电机400W原材料', 0, '0'),
(74, 'R0024', '接近传感器', 'RM-024', 'raw', 1, 'batch', '0', '1.0', 'admin', '2026-03-16 10:00:00', 'admin', '2026-03-23 10:00:00', '接近传感器原材料', 0, '0'),
(75, 'R0025', '光电传感器', 'RM-025', 'raw', 1, 'batch', '0', '1.0', 'admin', '2026-03-17 11:00:00', 'admin', '2026-03-24 11:00:00', '光电传感器原材料', 0, '0'),
(76, 'R0026', '工业触摸屏', 'RM-026', 'raw', 1, 'serial', '0', '1.0', 'admin', '2026-03-18 12:00:00', 'admin', '2026-03-25 12:00:00', '工业触摸屏原材料', 0, '0'),
(77, 'R0027', '中间继电器', 'RM-027', 'raw', 1, 'serial', '0', '1.0', 'admin', '2026-03-19 13:00:00', 'admin', '2026-03-26 13:00:00', '中间继电器原材料', 0, '0'),
(78, 'R0028', '交流接触器', 'RM-028', 'raw', 1, 'serial', '0', '1.0', 'admin', '2026-03-20 14:00:00', 'admin', '2026-03-27 14:00:00', '交流接触器原材料', 0, '0'),
(79, 'R0029', '空气开关', 'RM-029', 'raw', 1, 'serial', '0', '1.0', 'admin', '2026-03-21 15:00:00', 'admin', '2026-03-28 15:00:00', '空气开关原材料', 0, '0'),
(80, 'R0030', '端子排', 'RM-030', 'raw', 1, 'serial', '1', '1.0', 'admin', '2026-03-22 08:00:00', 'admin', '2026-03-29 08:00:00', '端子排原材料', 0, '0'),
(81, 'R0031', '液压油46号', 'RM-031', 'raw', 13, 'batch', '0', '1.0', 'admin', '2026-03-23 09:00:00', 'admin', '2026-03-30 09:00:00', '液压油46号原材料', 0, '0'),
(82, 'R0032', '润滑脂2号', 'RM-032', 'raw', 5, 'batch', '0', '1.0', 'admin', '2026-03-24 10:00:00', 'admin', '2026-03-31 10:00:00', '润滑脂2号原材料', 0, '0'),
(83, 'R0033', '防锈底漆', 'RM-033', 'raw', 13, 'batch', '0', '1.0', 'admin', '2026-03-25 11:00:00', 'admin', '2026-04-01 11:00:00', '防锈底漆原材料', 0, '0'),
(84, 'R0034', '工业面漆', 'RM-034', 'raw', 13, 'batch', '0', '1.0', 'admin', '2026-03-26 12:00:00', 'admin', '2026-04-02 12:00:00', '工业面漆原材料', 0, '0'),
(85, 'R0035', '焊丝ER50-6', 'RM-035', 'raw', 5, 'batch', '0', '1.0', 'admin', '2026-03-27 13:00:00', 'admin', '2026-04-03 13:00:00', '焊丝ER50-6原材料', 0, '0'),
(86, 'R0036', '氩气', 'RM-036', 'raw', 12, 'batch', '0', '1.0', 'admin', '2026-03-28 14:00:00', 'admin', '2026-04-04 14:00:00', '氩气原材料', 0, '0'),
(87, 'R0037', '包装纸箱', 'RM-037', 'raw', 1, 'batch', '0', '1.0', 'admin', '2026-03-29 15:00:00', 'admin', '2026-04-05 15:00:00', '包装纸箱原材料', 0, '0'),
(88, 'R0038', 'EPE珍珠棉', 'RM-038', 'raw', 1, 'batch', '0', '1.0', 'admin', '2026-03-30 08:00:00', 'admin', '2026-04-06 08:00:00', 'EPE珍珠棉原材料', 0, '0'),
(89, 'R0039', '产品铭牌', 'RM-039', 'raw', 1, 'batch', '0', '1.0', 'admin', '2026-03-31 09:00:00', 'admin', '2026-04-07 09:00:00', '产品铭牌原材料', 0, '0'),
(90, 'R0040', '二维码标签', 'RM-040', 'raw', 1, 'batch', '1', '1.0', 'admin', '2026-04-01 10:00:00', 'admin', '2026-04-08 10:00:00', '二维码标签原材料', 0, '0');

INSERT INTO mes_process (process_id, process_code, process_name, inspect_required, status, version_no, create_by, create_time, update_by, update_time, remark, revision, del_flag) VALUES
(1, 'PROC001', '原材料检验', '1', '0', '1.0', 'admin', '2026-01-02 09:00:00', 'admin', '2026-01-09 09:00:00', '原材料检验标准工序', 0, '0'),
(2, 'PROC002', '下料', '0', '0', '1.0', 'admin', '2026-01-03 10:00:00', 'admin', '2026-01-10 10:00:00', '下料标准工序', 0, '0'),
(3, 'PROC003', '激光切割', '0', '0', '1.0', 'admin', '2026-01-04 11:00:00', 'admin', '2026-01-11 11:00:00', '激光切割标准工序', 0, '0'),
(4, 'PROC004', '锯切', '0', '0', '1.0', 'admin', '2026-01-05 12:00:00', 'admin', '2026-01-12 12:00:00', '锯切标准工序', 0, '0'),
(5, 'PROC005', '数控车削', '0', '0', '1.0', 'admin', '2026-01-06 13:00:00', 'admin', '2026-01-13 13:00:00', '数控车削标准工序', 0, '0'),
(6, 'PROC006', '数控铣削', '0', '0', '1.0', 'admin', '2026-01-07 14:00:00', 'admin', '2026-01-14 14:00:00', '数控铣削标准工序', 0, '0'),
(7, 'PROC007', '钻孔', '0', '0', '1.0', 'admin', '2026-01-08 15:00:00', 'admin', '2026-01-15 15:00:00', '钻孔标准工序', 0, '0'),
(8, 'PROC008', '攻丝', '0', '0', '1.0', 'admin', '2026-01-09 08:00:00', 'admin', '2026-01-16 08:00:00', '攻丝标准工序', 0, '0'),
(9, 'PROC009', '折弯', '0', '0', '1.0', 'admin', '2026-01-10 09:00:00', 'admin', '2026-01-17 09:00:00', '折弯标准工序', 0, '0'),
(10, 'PROC010', '冲压', '0', '1', '1.0', 'admin', '2026-01-11 10:00:00', 'admin', '2026-01-18 10:00:00', '冲压标准工序', 0, '0'),
(11, 'PROC011', '焊接', '0', '0', '1.0', 'admin', '2026-01-12 11:00:00', 'admin', '2026-01-19 11:00:00', '焊接标准工序', 0, '0'),
(12, 'PROC012', '去毛刺', '0', '0', '1.0', 'admin', '2026-01-13 12:00:00', 'admin', '2026-01-20 12:00:00', '去毛刺标准工序', 0, '0'),
(13, 'PROC013', '热处理', '1', '0', '1.0', 'admin', '2026-01-14 13:00:00', 'admin', '2026-01-21 13:00:00', '热处理标准工序', 0, '0'),
(14, 'PROC014', '表面打磨', '0', '0', '1.0', 'admin', '2026-01-15 14:00:00', 'admin', '2026-01-22 14:00:00', '表面打磨标准工序', 0, '0'),
(15, 'PROC015', '喷砂', '0', '0', '1.0', 'admin', '2026-01-16 15:00:00', 'admin', '2026-01-23 15:00:00', '喷砂标准工序', 0, '0'),
(16, 'PROC016', '喷涂', '0', '0', '1.0', 'admin', '2026-01-17 08:00:00', 'admin', '2026-01-24 08:00:00', '喷涂标准工序', 0, '0'),
(17, 'PROC017', '电镀', '1', '0', '1.0', 'admin', '2026-01-18 09:00:00', 'admin', '2026-01-25 09:00:00', '电镀标准工序', 0, '0'),
(18, 'PROC018', '清洗', '0', '0', '1.0', 'admin', '2026-01-19 10:00:00', 'admin', '2026-01-26 10:00:00', '清洗标准工序', 0, '0'),
(19, 'PROC019', '部件装配', '0', '0', '1.0', 'admin', '2026-01-20 11:00:00', 'admin', '2026-01-27 11:00:00', '部件装配标准工序', 0, '0'),
(20, 'PROC020', '电气装配', '0', '1', '1.0', 'admin', '2026-01-21 12:00:00', 'admin', '2026-01-28 12:00:00', '电气装配标准工序', 0, '0'),
(21, 'PROC021', '线束连接', '0', '0', '1.0', 'admin', '2026-01-22 13:00:00', 'admin', '2026-01-29 13:00:00', '线束连接标准工序', 0, '0'),
(22, 'PROC022', '程序烧录', '0', '0', '1.0', 'admin', '2026-01-23 14:00:00', 'admin', '2026-01-30 14:00:00', '程序烧录标准工序', 0, '0'),
(23, 'PROC023', '参数标定', '0', '0', '1.0', 'admin', '2026-01-24 15:00:00', 'admin', '2026-01-31 15:00:00', '参数标定标准工序', 0, '0'),
(24, 'PROC024', '功能测试', '1', '0', '1.0', 'admin', '2026-01-25 08:00:00', 'admin', '2026-02-01 08:00:00', '功能测试标准工序', 0, '0'),
(25, 'PROC025', '尺寸检验', '1', '0', '1.0', 'admin', '2026-01-26 09:00:00', 'admin', '2026-02-02 09:00:00', '尺寸检验标准工序', 0, '0'),
(26, 'PROC026', '外观检验', '1', '0', '1.0', 'admin', '2026-01-27 10:00:00', 'admin', '2026-02-03 10:00:00', '外观检验标准工序', 0, '0'),
(27, 'PROC027', '老化测试', '1', '0', '1.0', 'admin', '2026-01-28 11:00:00', 'admin', '2026-02-04 11:00:00', '老化测试标准工序', 0, '0'),
(28, 'PROC028', '成品装配', '0', '0', '1.0', 'admin', '2026-01-29 12:00:00', 'admin', '2026-02-05 12:00:00', '成品装配标准工序', 0, '0'),
(29, 'PROC029', '包装', '0', '0', '1.0', 'admin', '2026-01-30 13:00:00', 'admin', '2026-02-06 13:00:00', '包装标准工序', 0, '0'),
(30, 'PROC030', '入库检验', '1', '1', '1.0', 'admin', '2026-01-31 14:00:00', 'admin', '2026-02-07 14:00:00', '入库检验标准工序', 0, '0');

INSERT INTO mes_bom (bom_id, bom_code, product_id, bom_version, status, effective_time, version_no, create_by, create_time, update_by, update_time, remark, revision, del_flag) VALUES
(1, 'BOM0001', 1, 'V1.0', '1', '2026-01-03 08:00:00', '1.0', 'admin', '2026-01-02 09:00:00', 'admin', '2026-01-09 09:00:00', '智能控制柜标准BOM', 0, '0'),
(2, 'BOM0002', 2, 'V1.0', '1', '2026-01-04 08:00:00', '1.0', 'admin', '2026-01-03 10:00:00', 'admin', '2026-01-10 10:00:00', '精密减速箱标准BOM', 0, '0'),
(3, 'BOM0003', 3, 'V1.0', '1', '2026-01-05 08:00:00', '1.0', 'admin', '2026-01-04 11:00:00', 'admin', '2026-01-11 11:00:00', '伺服驱动模组标准BOM', 0, '0'),
(4, 'BOM0004', 4, 'V1.0', '1', '2026-01-06 08:00:00', '1.0', 'admin', '2026-01-05 12:00:00', 'admin', '2026-01-12 12:00:00', '工业传感器组件标准BOM', 0, '0'),
(5, 'BOM0005', 5, 'V1.0', '1', '2026-01-07 08:00:00', '1.0', 'admin', '2026-01-06 13:00:00', 'admin', '2026-01-13 13:00:00', '自动化输送单元标准BOM', 0, '0'),
(6, 'BOM0006', 6, 'V1.0', '1', '2026-01-08 08:00:00', '1.0', 'admin', '2026-01-07 14:00:00', 'admin', '2026-01-14 14:00:00', '机器人夹具总成标准BOM', 0, '0'),
(7, 'BOM0007', 7, 'V1.0', '1', '2026-01-09 08:00:00', '1.0', 'admin', '2026-01-08 15:00:00', 'admin', '2026-01-15 15:00:00', '数控机床护罩标准BOM', 0, '0'),
(8, 'BOM0008', 8, 'V1.0', '1', '2026-01-10 08:00:00', '1.0', 'admin', '2026-01-09 08:00:00', 'admin', '2026-01-16 08:00:00', '电气控制箱标准BOM', 0, '0'),
(9, 'BOM0009', 9, 'V1.0', '1', '2026-01-11 08:00:00', '1.0', 'admin', '2026-01-10 09:00:00', 'admin', '2026-01-17 09:00:00', '液压动力单元标准BOM', 0, '0'),
(10, 'BOM0010', 10, 'V1.0', '1', '2026-01-12 08:00:00', '1.0', 'admin', '2026-01-11 10:00:00', 'admin', '2026-01-18 10:00:00', '气动执行模块标准BOM', 0, '0'),
(11, 'BOM0011', 11, 'V1.0', '1', '2026-01-13 08:00:00', '1.0', 'admin', '2026-01-12 11:00:00', 'admin', '2026-01-19 11:00:00', '精密轴承座标准BOM', 0, '0'),
(12, 'BOM0012', 12, 'V1.0', '1', '2026-01-14 08:00:00', '1.0', 'admin', '2026-01-13 12:00:00', 'admin', '2026-01-20 12:00:00', '高强度联轴器标准BOM', 0, '0'),
(13, 'BOM0013', 13, 'V1.0', '1', '2026-01-15 08:00:00', '1.0', 'admin', '2026-01-14 13:00:00', 'admin', '2026-01-21 13:00:00', '自动检测治具标准BOM', 0, '0'),
(14, 'BOM0014', 14, 'V1.0', '1', '2026-01-16 08:00:00', '1.0', 'admin', '2026-01-15 14:00:00', 'admin', '2026-01-22 14:00:00', '金属机箱总成标准BOM', 0, '0'),
(15, 'BOM0015', 15, 'V1.0', '1', '2026-01-17 08:00:00', '1.0', 'admin', '2026-01-16 15:00:00', 'admin', '2026-01-23 15:00:00', '电机安装底座标准BOM', 0, '0'),
(16, 'BOM0016', 16, 'V1.0', '1', '2026-01-18 08:00:00', '1.0', 'admin', '2026-01-17 08:00:00', 'admin', '2026-01-24 08:00:00', '智能装配工装标准BOM', 0, '0'),
(17, 'BOM0017', 17, 'V1.0', '1', '2026-01-19 08:00:00', '1.0', 'admin', '2026-01-18 09:00:00', 'admin', '2026-01-25 09:00:00', '工业操作面板标准BOM', 0, '0'),
(18, 'BOM0018', 18, 'V1.0', '1', '2026-01-20 08:00:00', '1.0', 'admin', '2026-01-19 10:00:00', 'admin', '2026-01-26 10:00:00', '高速传动组件标准BOM', 0, '0'),
(19, 'BOM0019', 19, 'V1.0', '1', '2026-01-21 08:00:00', '1.0', 'admin', '2026-01-20 11:00:00', 'admin', '2026-01-27 11:00:00', '模块化工作台标准BOM', 0, '0'),
(20, 'BOM0020', 20, 'V1.0', '1', '2026-01-22 08:00:00', '1.0', 'admin', '2026-01-21 12:00:00', 'admin', '2026-01-28 12:00:00', '自动送料装置标准BOM', 0, '0'),
(21, 'BOM0021', 21, 'V1.0', '1', '2026-01-23 08:00:00', '1.0', 'admin', '2026-01-22 13:00:00', 'admin', '2026-01-29 13:00:00', '精密阀体总成标准BOM', 0, '0'),
(22, 'BOM0022', 22, 'V1.0', '1', '2026-01-24 08:00:00', '1.0', 'admin', '2026-01-23 14:00:00', 'admin', '2026-01-30 14:00:00', '温控执行单元标准BOM', 0, '0'),
(23, 'BOM0023', 23, 'V1.0', '1', '2026-01-25 08:00:00', '1.0', 'admin', '2026-01-24 15:00:00', 'admin', '2026-01-31 15:00:00', '机电一体化模组标准BOM', 0, '0'),
(24, 'BOM0024', 24, 'V1.0', '1', '2026-01-26 08:00:00', '1.0', 'admin', '2026-01-25 08:00:00', 'admin', '2026-02-01 08:00:00', '柔性定位夹具标准BOM', 0, '0'),
(25, 'BOM0025', 25, 'V1.0', '1', '2026-01-27 08:00:00', '1.0', 'admin', '2026-01-26 09:00:00', 'admin', '2026-02-02 09:00:00', '视觉检测支架标准BOM', 0, '0'),
(26, 'BOM0026', 26, 'V1.0', '1', '2026-01-28 08:00:00', '1.0', 'admin', '2026-01-27 10:00:00', 'admin', '2026-02-03 10:00:00', '工业网络机柜标准BOM', 0, '0'),
(27, 'BOM0027', 27, 'V1.0', '1', '2026-01-29 08:00:00', '1.0', 'admin', '2026-01-28 11:00:00', 'admin', '2026-02-04 11:00:00', '自动锁附模组标准BOM', 0, '0'),
(28, 'BOM0028', 28, 'V1.0', '0', NULL, '1.0', 'admin', '2026-01-29 12:00:00', 'admin', '2026-02-05 12:00:00', '多轴运动平台标准BOM', 0, '0'),
(29, 'BOM0029', 29, 'V1.0', '2', '2026-01-31 08:00:00', '1.0', 'admin', '2026-01-30 13:00:00', 'admin', '2026-02-06 13:00:00', '智能分拣单元标准BOM', 0, '0'),
(30, 'BOM0030', 30, 'V1.0', '2', '2026-02-01 08:00:00', '1.0', 'admin', '2026-01-31 14:00:00', 'admin', '2026-02-07 14:00:00', '成品包装套件标准BOM', 0, '0');

INSERT INTO mes_bom_detail (detail_id, bom_id, material_id, quantity, loss_rate, sort_no, create_by, create_time, update_by, update_time, remark, revision, del_flag) VALUES
(1, 1, 31, '1.000000', '0.0000', 1, 'admin', '2026-01-03 08:01:00', 'admin', '2026-01-10 08:01:00', 'BOM0001第1项物料', 0, '0'),
(2, 1, 51, '1.750000', '0.0150', 2, 'admin', '2026-01-03 08:02:00', 'admin', '2026-01-10 08:02:00', 'BOM0001第2项物料', 0, '0'),
(3, 1, 52, '3.000000', '0.0300', 3, 'admin', '2026-01-03 08:03:00', 'admin', '2026-01-10 08:03:00', 'BOM0001第3项物料', 0, '0'),
(4, 2, 32, '1.000000', '0.0000', 1, 'admin', '2026-01-04 08:01:00', 'admin', '2026-01-11 08:01:00', 'BOM0002第1项物料', 0, '0'),
(5, 2, 53, '2.000000', '0.0150', 2, 'admin', '2026-01-04 08:02:00', 'admin', '2026-01-11 08:02:00', 'BOM0002第2项物料', 0, '0'),
(6, 2, 54, '4.000000', '0.0300', 3, 'admin', '2026-01-04 08:03:00', 'admin', '2026-01-11 08:03:00', 'BOM0002第3项物料', 0, '0'),
(7, 3, 33, '1.000000', '0.0000', 1, 'admin', '2026-01-05 08:01:00', 'admin', '2026-01-12 08:01:00', 'BOM0003第1项物料', 0, '0'),
(8, 3, 55, '2.250000', '0.0150', 2, 'admin', '2026-01-05 08:02:00', 'admin', '2026-01-12 08:02:00', 'BOM0003第2项物料', 0, '0'),
(9, 3, 56, '5.000000', '0.0300', 3, 'admin', '2026-01-05 08:03:00', 'admin', '2026-01-12 08:03:00', 'BOM0003第3项物料', 0, '0'),
(10, 4, 34, '1.000000', '0.0000', 1, 'admin', '2026-01-06 08:01:00', 'admin', '2026-01-13 08:01:00', 'BOM0004第1项物料', 0, '0'),
(11, 4, 57, '2.500000', '0.0150', 2, 'admin', '2026-01-06 08:02:00', 'admin', '2026-01-13 08:02:00', 'BOM0004第2项物料', 0, '0'),
(12, 4, 58, '6.000000', '0.0300', 3, 'admin', '2026-01-06 08:03:00', 'admin', '2026-01-13 08:03:00', 'BOM0004第3项物料', 0, '0'),
(13, 5, 35, '1.000000', '0.0000', 1, 'admin', '2026-01-07 08:01:00', 'admin', '2026-01-14 08:01:00', 'BOM0005第1项物料', 0, '0'),
(14, 5, 59, '1.500000', '0.0150', 2, 'admin', '2026-01-07 08:02:00', 'admin', '2026-01-14 08:02:00', 'BOM0005第2项物料', 0, '0'),
(15, 5, 60, '7.000000', '0.0300', 3, 'admin', '2026-01-07 08:03:00', 'admin', '2026-01-14 08:03:00', 'BOM0005第3项物料', 0, '0'),
(16, 6, 36, '1.000000', '0.0000', 1, 'admin', '2026-01-08 08:01:00', 'admin', '2026-01-15 08:01:00', 'BOM0006第1项物料', 0, '0'),
(17, 6, 61, '1.750000', '0.0150', 2, 'admin', '2026-01-08 08:02:00', 'admin', '2026-01-15 08:02:00', 'BOM0006第2项物料', 0, '0'),
(18, 6, 62, '8.000000', '0.0300', 3, 'admin', '2026-01-08 08:03:00', 'admin', '2026-01-15 08:03:00', 'BOM0006第3项物料', 0, '0'),
(19, 7, 37, '1.000000', '0.0000', 1, 'admin', '2026-01-09 08:01:00', 'admin', '2026-01-16 08:01:00', 'BOM0007第1项物料', 0, '0'),
(20, 7, 63, '2.000000', '0.0150', 2, 'admin', '2026-01-09 08:02:00', 'admin', '2026-01-16 08:02:00', 'BOM0007第2项物料', 0, '0'),
(21, 7, 64, '2.000000', '0.0300', 3, 'admin', '2026-01-09 08:03:00', 'admin', '2026-01-16 08:03:00', 'BOM0007第3项物料', 0, '0'),
(22, 8, 38, '1.000000', '0.0000', 1, 'admin', '2026-01-10 08:01:00', 'admin', '2026-01-17 08:01:00', 'BOM0008第1项物料', 0, '0'),
(23, 8, 65, '2.250000', '0.0150', 2, 'admin', '2026-01-10 08:02:00', 'admin', '2026-01-17 08:02:00', 'BOM0008第2项物料', 0, '0'),
(24, 8, 66, '3.000000', '0.0300', 3, 'admin', '2026-01-10 08:03:00', 'admin', '2026-01-17 08:03:00', 'BOM0008第3项物料', 0, '0'),
(25, 9, 39, '1.000000', '0.0000', 1, 'admin', '2026-01-11 08:01:00', 'admin', '2026-01-18 08:01:00', 'BOM0009第1项物料', 0, '0'),
(26, 9, 67, '2.500000', '0.0150', 2, 'admin', '2026-01-11 08:02:00', 'admin', '2026-01-18 08:02:00', 'BOM0009第2项物料', 0, '0'),
(27, 9, 68, '4.000000', '0.0300', 3, 'admin', '2026-01-11 08:03:00', 'admin', '2026-01-18 08:03:00', 'BOM0009第3项物料', 0, '0'),
(28, 10, 40, '1.000000', '0.0000', 1, 'admin', '2026-01-12 08:01:00', 'admin', '2026-01-19 08:01:00', 'BOM0010第1项物料', 0, '0'),
(29, 10, 69, '1.500000', '0.0150', 2, 'admin', '2026-01-12 08:02:00', 'admin', '2026-01-19 08:02:00', 'BOM0010第2项物料', 0, '0'),
(30, 10, 70, '5.000000', '0.0300', 3, 'admin', '2026-01-12 08:03:00', 'admin', '2026-01-19 08:03:00', 'BOM0010第3项物料', 0, '0'),
(31, 11, 41, '1.000000', '0.0000', 1, 'admin', '2026-01-13 08:01:00', 'admin', '2026-01-20 08:01:00', 'BOM0011第1项物料', 0, '0'),
(32, 11, 71, '1.750000', '0.0150', 2, 'admin', '2026-01-13 08:02:00', 'admin', '2026-01-20 08:02:00', 'BOM0011第2项物料', 0, '0'),
(33, 11, 72, '6.000000', '0.0300', 3, 'admin', '2026-01-13 08:03:00', 'admin', '2026-01-20 08:03:00', 'BOM0011第3项物料', 0, '0'),
(34, 12, 42, '1.000000', '0.0000', 1, 'admin', '2026-01-14 08:01:00', 'admin', '2026-01-21 08:01:00', 'BOM0012第1项物料', 0, '0'),
(35, 12, 73, '2.000000', '0.0150', 2, 'admin', '2026-01-14 08:02:00', 'admin', '2026-01-21 08:02:00', 'BOM0012第2项物料', 0, '0'),
(36, 12, 74, '7.000000', '0.0300', 3, 'admin', '2026-01-14 08:03:00', 'admin', '2026-01-21 08:03:00', 'BOM0012第3项物料', 0, '0'),
(37, 13, 43, '1.000000', '0.0000', 1, 'admin', '2026-01-15 08:01:00', 'admin', '2026-01-22 08:01:00', 'BOM0013第1项物料', 0, '0'),
(38, 13, 75, '2.250000', '0.0150', 2, 'admin', '2026-01-15 08:02:00', 'admin', '2026-01-22 08:02:00', 'BOM0013第2项物料', 0, '0'),
(39, 13, 76, '8.000000', '0.0300', 3, 'admin', '2026-01-15 08:03:00', 'admin', '2026-01-22 08:03:00', 'BOM0013第3项物料', 0, '0'),
(40, 14, 44, '1.000000', '0.0000', 1, 'admin', '2026-01-16 08:01:00', 'admin', '2026-01-23 08:01:00', 'BOM0014第1项物料', 0, '0'),
(41, 14, 77, '2.500000', '0.0150', 2, 'admin', '2026-01-16 08:02:00', 'admin', '2026-01-23 08:02:00', 'BOM0014第2项物料', 0, '0'),
(42, 14, 78, '2.000000', '0.0300', 3, 'admin', '2026-01-16 08:03:00', 'admin', '2026-01-23 08:03:00', 'BOM0014第3项物料', 0, '0'),
(43, 15, 45, '1.000000', '0.0000', 1, 'admin', '2026-01-17 08:01:00', 'admin', '2026-01-24 08:01:00', 'BOM0015第1项物料', 0, '0'),
(44, 15, 79, '1.500000', '0.0150', 2, 'admin', '2026-01-17 08:02:00', 'admin', '2026-01-24 08:02:00', 'BOM0015第2项物料', 0, '0'),
(45, 15, 80, '3.000000', '0.0300', 3, 'admin', '2026-01-17 08:03:00', 'admin', '2026-01-24 08:03:00', 'BOM0015第3项物料', 0, '0'),
(46, 16, 46, '1.000000', '0.0000', 1, 'admin', '2026-01-18 08:01:00', 'admin', '2026-01-25 08:01:00', 'BOM0016第1项物料', 0, '0'),
(47, 16, 81, '1.750000', '0.0150', 2, 'admin', '2026-01-18 08:02:00', 'admin', '2026-01-25 08:02:00', 'BOM0016第2项物料', 0, '0'),
(48, 16, 82, '4.000000', '0.0300', 3, 'admin', '2026-01-18 08:03:00', 'admin', '2026-01-25 08:03:00', 'BOM0016第3项物料', 0, '0'),
(49, 17, 47, '1.000000', '0.0000', 1, 'admin', '2026-01-19 08:01:00', 'admin', '2026-01-26 08:01:00', 'BOM0017第1项物料', 0, '0'),
(50, 17, 83, '2.000000', '0.0150', 2, 'admin', '2026-01-19 08:02:00', 'admin', '2026-01-26 08:02:00', 'BOM0017第2项物料', 0, '0'),
(51, 17, 84, '5.000000', '0.0300', 3, 'admin', '2026-01-19 08:03:00', 'admin', '2026-01-26 08:03:00', 'BOM0017第3项物料', 0, '0'),
(52, 18, 48, '1.000000', '0.0000', 1, 'admin', '2026-01-20 08:01:00', 'admin', '2026-01-27 08:01:00', 'BOM0018第1项物料', 0, '0'),
(53, 18, 85, '2.250000', '0.0150', 2, 'admin', '2026-01-20 08:02:00', 'admin', '2026-01-27 08:02:00', 'BOM0018第2项物料', 0, '0'),
(54, 18, 86, '6.000000', '0.0300', 3, 'admin', '2026-01-20 08:03:00', 'admin', '2026-01-27 08:03:00', 'BOM0018第3项物料', 0, '0'),
(55, 19, 49, '1.000000', '0.0000', 1, 'admin', '2026-01-21 08:01:00', 'admin', '2026-01-28 08:01:00', 'BOM0019第1项物料', 0, '0'),
(56, 19, 87, '2.500000', '0.0150', 2, 'admin', '2026-01-21 08:02:00', 'admin', '2026-01-28 08:02:00', 'BOM0019第2项物料', 0, '0'),
(57, 19, 88, '7.000000', '0.0300', 3, 'admin', '2026-01-21 08:03:00', 'admin', '2026-01-28 08:03:00', 'BOM0019第3项物料', 0, '0'),
(58, 20, 50, '1.000000', '0.0000', 1, 'admin', '2026-01-22 08:01:00', 'admin', '2026-01-29 08:01:00', 'BOM0020第1项物料', 0, '0'),
(59, 20, 89, '1.500000', '0.0150', 2, 'admin', '2026-01-22 08:02:00', 'admin', '2026-01-29 08:02:00', 'BOM0020第2项物料', 0, '0'),
(60, 20, 90, '8.000000', '0.0300', 3, 'admin', '2026-01-22 08:03:00', 'admin', '2026-01-29 08:03:00', 'BOM0020第3项物料', 0, '0'),
(61, 21, 31, '1.000000', '0.0000', 1, 'admin', '2026-01-23 08:01:00', 'admin', '2026-01-30 08:01:00', 'BOM0021第1项物料', 0, '0'),
(62, 21, 51, '1.750000', '0.0150', 2, 'admin', '2026-01-23 08:02:00', 'admin', '2026-01-30 08:02:00', 'BOM0021第2项物料', 0, '0'),
(63, 21, 52, '2.000000', '0.0300', 3, 'admin', '2026-01-23 08:03:00', 'admin', '2026-01-30 08:03:00', 'BOM0021第3项物料', 0, '0'),
(64, 22, 32, '1.000000', '0.0000', 1, 'admin', '2026-01-24 08:01:00', 'admin', '2026-01-31 08:01:00', 'BOM0022第1项物料', 0, '0'),
(65, 22, 53, '2.000000', '0.0150', 2, 'admin', '2026-01-24 08:02:00', 'admin', '2026-01-31 08:02:00', 'BOM0022第2项物料', 0, '0'),
(66, 22, 54, '3.000000', '0.0300', 3, 'admin', '2026-01-24 08:03:00', 'admin', '2026-01-31 08:03:00', 'BOM0022第3项物料', 0, '0'),
(67, 23, 33, '1.000000', '0.0000', 1, 'admin', '2026-01-25 08:01:00', 'admin', '2026-02-01 08:01:00', 'BOM0023第1项物料', 0, '0'),
(68, 23, 55, '2.250000', '0.0150', 2, 'admin', '2026-01-25 08:02:00', 'admin', '2026-02-01 08:02:00', 'BOM0023第2项物料', 0, '0'),
(69, 23, 56, '4.000000', '0.0300', 3, 'admin', '2026-01-25 08:03:00', 'admin', '2026-02-01 08:03:00', 'BOM0023第3项物料', 0, '0'),
(70, 24, 34, '1.000000', '0.0000', 1, 'admin', '2026-01-26 08:01:00', 'admin', '2026-02-02 08:01:00', 'BOM0024第1项物料', 0, '0'),
(71, 24, 57, '2.500000', '0.0150', 2, 'admin', '2026-01-26 08:02:00', 'admin', '2026-02-02 08:02:00', 'BOM0024第2项物料', 0, '0'),
(72, 24, 58, '5.000000', '0.0300', 3, 'admin', '2026-01-26 08:03:00', 'admin', '2026-02-02 08:03:00', 'BOM0024第3项物料', 0, '0'),
(73, 25, 35, '1.000000', '0.0000', 1, 'admin', '2026-01-27 08:01:00', 'admin', '2026-02-03 08:01:00', 'BOM0025第1项物料', 0, '0'),
(74, 25, 59, '1.500000', '0.0150', 2, 'admin', '2026-01-27 08:02:00', 'admin', '2026-02-03 08:02:00', 'BOM0025第2项物料', 0, '0'),
(75, 25, 60, '6.000000', '0.0300', 3, 'admin', '2026-01-27 08:03:00', 'admin', '2026-02-03 08:03:00', 'BOM0025第3项物料', 0, '0'),
(76, 26, 36, '1.000000', '0.0000', 1, 'admin', '2026-01-28 08:01:00', 'admin', '2026-02-04 08:01:00', 'BOM0026第1项物料', 0, '0'),
(77, 26, 61, '1.750000', '0.0150', 2, 'admin', '2026-01-28 08:02:00', 'admin', '2026-02-04 08:02:00', 'BOM0026第2项物料', 0, '0'),
(78, 26, 62, '7.000000', '0.0300', 3, 'admin', '2026-01-28 08:03:00', 'admin', '2026-02-04 08:03:00', 'BOM0026第3项物料', 0, '0'),
(79, 27, 37, '1.000000', '0.0000', 1, 'admin', '2026-01-29 08:01:00', 'admin', '2026-02-05 08:01:00', 'BOM0027第1项物料', 0, '0'),
(80, 27, 63, '2.000000', '0.0150', 2, 'admin', '2026-01-29 08:02:00', 'admin', '2026-02-05 08:02:00', 'BOM0027第2项物料', 0, '0'),
(81, 27, 64, '8.000000', '0.0300', 3, 'admin', '2026-01-29 08:03:00', 'admin', '2026-02-05 08:03:00', 'BOM0027第3项物料', 0, '0'),
(82, 28, 38, '1.000000', '0.0000', 1, 'admin', '2026-01-30 08:01:00', 'admin', '2026-02-06 08:01:00', 'BOM0028第1项物料', 0, '0'),
(83, 28, 65, '2.250000', '0.0150', 2, 'admin', '2026-01-30 08:02:00', 'admin', '2026-02-06 08:02:00', 'BOM0028第2项物料', 0, '0'),
(84, 28, 66, '2.000000', '0.0300', 3, 'admin', '2026-01-30 08:03:00', 'admin', '2026-02-06 08:03:00', 'BOM0028第3项物料', 0, '0'),
(85, 29, 39, '1.000000', '0.0000', 1, 'admin', '2026-01-31 08:01:00', 'admin', '2026-02-07 08:01:00', 'BOM0029第1项物料', 0, '0'),
(86, 29, 67, '2.500000', '0.0150', 2, 'admin', '2026-01-31 08:02:00', 'admin', '2026-02-07 08:02:00', 'BOM0029第2项物料', 0, '0'),
(87, 29, 68, '3.000000', '0.0300', 3, 'admin', '2026-01-31 08:03:00', 'admin', '2026-02-07 08:03:00', 'BOM0029第3项物料', 0, '0'),
(88, 30, 40, '1.000000', '0.0000', 1, 'admin', '2026-02-01 08:01:00', 'admin', '2026-02-08 08:01:00', 'BOM0030第1项物料', 0, '0'),
(89, 30, 69, '1.500000', '0.0150', 2, 'admin', '2026-02-01 08:02:00', 'admin', '2026-02-08 08:02:00', 'BOM0030第2项物料', 0, '0'),
(90, 30, 70, '4.000000', '0.0300', 3, 'admin', '2026-02-01 08:03:00', 'admin', '2026-02-08 08:03:00', 'BOM0030第3项物料', 0, '0');

INSERT INTO mes_route (route_id, route_code, product_id, route_version, status, version_no, create_by, create_time, update_by, update_time, remark, revision, del_flag) VALUES
(1, 'ROUTE0001', 1, 'V1.0', '1', '1.0', 'admin', '2026-01-02 09:00:00', 'admin', '2026-01-09 09:00:00', '智能控制柜标准工艺路线', 0, '0'),
(2, 'ROUTE0002', 2, 'V1.0', '1', '1.0', 'admin', '2026-01-03 10:00:00', 'admin', '2026-01-10 10:00:00', '精密减速箱标准工艺路线', 0, '0'),
(3, 'ROUTE0003', 3, 'V1.0', '1', '1.0', 'admin', '2026-01-04 11:00:00', 'admin', '2026-01-11 11:00:00', '伺服驱动模组标准工艺路线', 0, '0'),
(4, 'ROUTE0004', 4, 'V1.0', '1', '1.0', 'admin', '2026-01-05 12:00:00', 'admin', '2026-01-12 12:00:00', '工业传感器组件标准工艺路线', 0, '0'),
(5, 'ROUTE0005', 5, 'V1.0', '1', '1.0', 'admin', '2026-01-06 13:00:00', 'admin', '2026-01-13 13:00:00', '自动化输送单元标准工艺路线', 0, '0'),
(6, 'ROUTE0006', 6, 'V1.0', '1', '1.0', 'admin', '2026-01-07 14:00:00', 'admin', '2026-01-14 14:00:00', '机器人夹具总成标准工艺路线', 0, '0'),
(7, 'ROUTE0007', 7, 'V1.0', '1', '1.0', 'admin', '2026-01-08 15:00:00', 'admin', '2026-01-15 15:00:00', '数控机床护罩标准工艺路线', 0, '0'),
(8, 'ROUTE0008', 8, 'V1.0', '1', '1.0', 'admin', '2026-01-09 08:00:00', 'admin', '2026-01-16 08:00:00', '电气控制箱标准工艺路线', 0, '0'),
(9, 'ROUTE0009', 9, 'V1.0', '1', '1.0', 'admin', '2026-01-10 09:00:00', 'admin', '2026-01-17 09:00:00', '液压动力单元标准工艺路线', 0, '0'),
(10, 'ROUTE0010', 10, 'V1.0', '1', '1.0', 'admin', '2026-01-11 10:00:00', 'admin', '2026-01-18 10:00:00', '气动执行模块标准工艺路线', 0, '0'),
(11, 'ROUTE0011', 11, 'V1.0', '1', '1.0', 'admin', '2026-01-12 11:00:00', 'admin', '2026-01-19 11:00:00', '精密轴承座标准工艺路线', 0, '0'),
(12, 'ROUTE0012', 12, 'V1.0', '1', '1.0', 'admin', '2026-01-13 12:00:00', 'admin', '2026-01-20 12:00:00', '高强度联轴器标准工艺路线', 0, '0'),
(13, 'ROUTE0013', 13, 'V1.0', '1', '1.0', 'admin', '2026-01-14 13:00:00', 'admin', '2026-01-21 13:00:00', '自动检测治具标准工艺路线', 0, '0'),
(14, 'ROUTE0014', 14, 'V1.0', '1', '1.0', 'admin', '2026-01-15 14:00:00', 'admin', '2026-01-22 14:00:00', '金属机箱总成标准工艺路线', 0, '0'),
(15, 'ROUTE0015', 15, 'V1.0', '1', '1.0', 'admin', '2026-01-16 15:00:00', 'admin', '2026-01-23 15:00:00', '电机安装底座标准工艺路线', 0, '0'),
(16, 'ROUTE0016', 16, 'V1.0', '1', '1.0', 'admin', '2026-01-17 08:00:00', 'admin', '2026-01-24 08:00:00', '智能装配工装标准工艺路线', 0, '0'),
(17, 'ROUTE0017', 17, 'V1.0', '1', '1.0', 'admin', '2026-01-18 09:00:00', 'admin', '2026-01-25 09:00:00', '工业操作面板标准工艺路线', 0, '0'),
(18, 'ROUTE0018', 18, 'V1.0', '1', '1.0', 'admin', '2026-01-19 10:00:00', 'admin', '2026-01-26 10:00:00', '高速传动组件标准工艺路线', 0, '0'),
(19, 'ROUTE0019', 19, 'V1.0', '1', '1.0', 'admin', '2026-01-20 11:00:00', 'admin', '2026-01-27 11:00:00', '模块化工作台标准工艺路线', 0, '0'),
(20, 'ROUTE0020', 20, 'V1.0', '1', '1.0', 'admin', '2026-01-21 12:00:00', 'admin', '2026-01-28 12:00:00', '自动送料装置标准工艺路线', 0, '0'),
(21, 'ROUTE0021', 21, 'V1.0', '1', '1.0', 'admin', '2026-01-22 13:00:00', 'admin', '2026-01-29 13:00:00', '精密阀体总成标准工艺路线', 0, '0'),
(22, 'ROUTE0022', 22, 'V1.0', '1', '1.0', 'admin', '2026-01-23 14:00:00', 'admin', '2026-01-30 14:00:00', '温控执行单元标准工艺路线', 0, '0'),
(23, 'ROUTE0023', 23, 'V1.0', '1', '1.0', 'admin', '2026-01-24 15:00:00', 'admin', '2026-01-31 15:00:00', '机电一体化模组标准工艺路线', 0, '0'),
(24, 'ROUTE0024', 24, 'V1.0', '1', '1.0', 'admin', '2026-01-25 08:00:00', 'admin', '2026-02-01 08:00:00', '柔性定位夹具标准工艺路线', 0, '0'),
(25, 'ROUTE0025', 25, 'V1.0', '1', '1.0', 'admin', '2026-01-26 09:00:00', 'admin', '2026-02-02 09:00:00', '视觉检测支架标准工艺路线', 0, '0'),
(26, 'ROUTE0026', 26, 'V1.0', '1', '1.0', 'admin', '2026-01-27 10:00:00', 'admin', '2026-02-03 10:00:00', '工业网络机柜标准工艺路线', 0, '0'),
(27, 'ROUTE0027', 27, 'V1.0', '1', '1.0', 'admin', '2026-01-28 11:00:00', 'admin', '2026-02-04 11:00:00', '自动锁附模组标准工艺路线', 0, '0'),
(28, 'ROUTE0028', 28, 'V1.0', '0', '1.0', 'admin', '2026-01-29 12:00:00', 'admin', '2026-02-05 12:00:00', '多轴运动平台标准工艺路线', 0, '0'),
(29, 'ROUTE0029', 29, 'V1.0', '2', '1.0', 'admin', '2026-01-30 13:00:00', 'admin', '2026-02-06 13:00:00', '智能分拣单元标准工艺路线', 0, '0'),
(30, 'ROUTE0030', 30, 'V1.0', '2', '1.0', 'admin', '2026-01-31 14:00:00', 'admin', '2026-02-07 14:00:00', '成品包装套件标准工艺路线', 0, '0');

INSERT INTO mes_route_detail (detail_id, route_id, process_id, sequence_no, work_center_id, inspect_required, create_by, create_time, update_by, update_time, remark, revision, del_flag) VALUES
(1, 1, 2, 10, 1, '0', 'admin', '2026-01-03 08:01:00', 'admin', '2026-01-10 08:01:00', 'ROUTE0001第1道工序', 0, '0'),
(2, 1, 11, 20, 2, '0', 'admin', '2026-01-03 08:02:00', 'admin', '2026-01-10 08:02:00', 'ROUTE0001第2道工序', 0, '0'),
(3, 1, 24, 30, 3, '1', 'admin', '2026-01-03 08:03:00', 'admin', '2026-01-10 08:03:00', 'ROUTE0001第3道工序', 0, '0'),
(4, 2, 3, 10, 2, '0', 'admin', '2026-01-04 08:01:00', 'admin', '2026-01-11 08:01:00', 'ROUTE0002第1道工序', 0, '0'),
(5, 2, 12, 20, 3, '0', 'admin', '2026-01-04 08:02:00', 'admin', '2026-01-11 08:02:00', 'ROUTE0002第2道工序', 0, '0'),
(6, 2, 25, 30, 4, '1', 'admin', '2026-01-04 08:03:00', 'admin', '2026-01-11 08:03:00', 'ROUTE0002第3道工序', 0, '0'),
(7, 3, 4, 10, 3, '0', 'admin', '2026-01-05 08:01:00', 'admin', '2026-01-12 08:01:00', 'ROUTE0003第1道工序', 0, '0'),
(8, 3, 13, 20, 4, '1', 'admin', '2026-01-05 08:02:00', 'admin', '2026-01-12 08:02:00', 'ROUTE0003第2道工序', 0, '0'),
(9, 3, 26, 30, 5, '1', 'admin', '2026-01-05 08:03:00', 'admin', '2026-01-12 08:03:00', 'ROUTE0003第3道工序', 0, '0'),
(10, 4, 5, 10, 4, '0', 'admin', '2026-01-06 08:01:00', 'admin', '2026-01-13 08:01:00', 'ROUTE0004第1道工序', 0, '0'),
(11, 4, 14, 20, 5, '0', 'admin', '2026-01-06 08:02:00', 'admin', '2026-01-13 08:02:00', 'ROUTE0004第2道工序', 0, '0'),
(12, 4, 27, 30, 6, '1', 'admin', '2026-01-06 08:03:00', 'admin', '2026-01-13 08:03:00', 'ROUTE0004第3道工序', 0, '0'),
(13, 5, 6, 10, 5, '0', 'admin', '2026-01-07 08:01:00', 'admin', '2026-01-14 08:01:00', 'ROUTE0005第1道工序', 0, '0'),
(14, 5, 15, 20, 6, '0', 'admin', '2026-01-07 08:02:00', 'admin', '2026-01-14 08:02:00', 'ROUTE0005第2道工序', 0, '0'),
(15, 5, 28, 30, 7, '0', 'admin', '2026-01-07 08:03:00', 'admin', '2026-01-14 08:03:00', 'ROUTE0005第3道工序', 0, '0'),
(16, 6, 7, 10, 6, '0', 'admin', '2026-01-08 08:01:00', 'admin', '2026-01-15 08:01:00', 'ROUTE0006第1道工序', 0, '0'),
(17, 6, 16, 20, 7, '0', 'admin', '2026-01-08 08:02:00', 'admin', '2026-01-15 08:02:00', 'ROUTE0006第2道工序', 0, '0'),
(18, 6, 29, 30, 8, '0', 'admin', '2026-01-08 08:03:00', 'admin', '2026-01-15 08:03:00', 'ROUTE0006第3道工序', 0, '0'),
(19, 7, 8, 10, 7, '0', 'admin', '2026-01-09 08:01:00', 'admin', '2026-01-16 08:01:00', 'ROUTE0007第1道工序', 0, '0'),
(20, 7, 17, 20, 8, '1', 'admin', '2026-01-09 08:02:00', 'admin', '2026-01-16 08:02:00', 'ROUTE0007第2道工序', 0, '0'),
(21, 7, 30, 30, 9, '1', 'admin', '2026-01-09 08:03:00', 'admin', '2026-01-16 08:03:00', 'ROUTE0007第3道工序', 0, '0'),
(22, 8, 9, 10, 8, '0', 'admin', '2026-01-10 08:01:00', 'admin', '2026-01-17 08:01:00', 'ROUTE0008第1道工序', 0, '0'),
(23, 8, 18, 20, 9, '0', 'admin', '2026-01-10 08:02:00', 'admin', '2026-01-17 08:02:00', 'ROUTE0008第2道工序', 0, '0'),
(24, 8, 24, 30, 10, '1', 'admin', '2026-01-10 08:03:00', 'admin', '2026-01-17 08:03:00', 'ROUTE0008第3道工序', 0, '0'),
(25, 9, 2, 10, 9, '0', 'admin', '2026-01-11 08:01:00', 'admin', '2026-01-18 08:01:00', 'ROUTE0009第1道工序', 0, '0'),
(26, 9, 19, 20, 10, '0', 'admin', '2026-01-11 08:02:00', 'admin', '2026-01-18 08:02:00', 'ROUTE0009第2道工序', 0, '0'),
(27, 9, 25, 30, 11, '1', 'admin', '2026-01-11 08:03:00', 'admin', '2026-01-18 08:03:00', 'ROUTE0009第3道工序', 0, '0'),
(28, 10, 3, 10, 10, '0', 'admin', '2026-01-12 08:01:00', 'admin', '2026-01-19 08:01:00', 'ROUTE0010第1道工序', 0, '0'),
(29, 10, 20, 20, 11, '0', 'admin', '2026-01-12 08:02:00', 'admin', '2026-01-19 08:02:00', 'ROUTE0010第2道工序', 0, '0'),
(30, 10, 26, 30, 12, '1', 'admin', '2026-01-12 08:03:00', 'admin', '2026-01-19 08:03:00', 'ROUTE0010第3道工序', 0, '0'),
(31, 11, 4, 10, 11, '0', 'admin', '2026-01-13 08:01:00', 'admin', '2026-01-20 08:01:00', 'ROUTE0011第1道工序', 0, '0'),
(32, 11, 11, 20, 12, '0', 'admin', '2026-01-13 08:02:00', 'admin', '2026-01-20 08:02:00', 'ROUTE0011第2道工序', 0, '0'),
(33, 11, 27, 30, 13, '1', 'admin', '2026-01-13 08:03:00', 'admin', '2026-01-20 08:03:00', 'ROUTE0011第3道工序', 0, '0'),
(34, 12, 5, 10, 12, '0', 'admin', '2026-01-14 08:01:00', 'admin', '2026-01-21 08:01:00', 'ROUTE0012第1道工序', 0, '0'),
(35, 12, 12, 20, 13, '0', 'admin', '2026-01-14 08:02:00', 'admin', '2026-01-21 08:02:00', 'ROUTE0012第2道工序', 0, '0'),
(36, 12, 28, 30, 14, '0', 'admin', '2026-01-14 08:03:00', 'admin', '2026-01-21 08:03:00', 'ROUTE0012第3道工序', 0, '0'),
(37, 13, 6, 10, 13, '0', 'admin', '2026-01-15 08:01:00', 'admin', '2026-01-22 08:01:00', 'ROUTE0013第1道工序', 0, '0'),
(38, 13, 13, 20, 14, '1', 'admin', '2026-01-15 08:02:00', 'admin', '2026-01-22 08:02:00', 'ROUTE0013第2道工序', 0, '0'),
(39, 13, 29, 30, 15, '0', 'admin', '2026-01-15 08:03:00', 'admin', '2026-01-22 08:03:00', 'ROUTE0013第3道工序', 0, '0'),
(40, 14, 7, 10, 14, '0', 'admin', '2026-01-16 08:01:00', 'admin', '2026-01-23 08:01:00', 'ROUTE0014第1道工序', 0, '0'),
(41, 14, 14, 20, 15, '0', 'admin', '2026-01-16 08:02:00', 'admin', '2026-01-23 08:02:00', 'ROUTE0014第2道工序', 0, '0'),
(42, 14, 30, 30, 16, '1', 'admin', '2026-01-16 08:03:00', 'admin', '2026-01-23 08:03:00', 'ROUTE0014第3道工序', 0, '0'),
(43, 15, 8, 10, 15, '0', 'admin', '2026-01-17 08:01:00', 'admin', '2026-01-24 08:01:00', 'ROUTE0015第1道工序', 0, '0'),
(44, 15, 15, 20, 16, '0', 'admin', '2026-01-17 08:02:00', 'admin', '2026-01-24 08:02:00', 'ROUTE0015第2道工序', 0, '0'),
(45, 15, 24, 30, 17, '1', 'admin', '2026-01-17 08:03:00', 'admin', '2026-01-24 08:03:00', 'ROUTE0015第3道工序', 0, '0'),
(46, 16, 9, 10, 16, '0', 'admin', '2026-01-18 08:01:00', 'admin', '2026-01-25 08:01:00', 'ROUTE0016第1道工序', 0, '0'),
(47, 16, 16, 20, 17, '0', 'admin', '2026-01-18 08:02:00', 'admin', '2026-01-25 08:02:00', 'ROUTE0016第2道工序', 0, '0'),
(48, 16, 25, 30, 18, '1', 'admin', '2026-01-18 08:03:00', 'admin', '2026-01-25 08:03:00', 'ROUTE0016第3道工序', 0, '0'),
(49, 17, 2, 10, 17, '0', 'admin', '2026-01-19 08:01:00', 'admin', '2026-01-26 08:01:00', 'ROUTE0017第1道工序', 0, '0'),
(50, 17, 17, 20, 18, '1', 'admin', '2026-01-19 08:02:00', 'admin', '2026-01-26 08:02:00', 'ROUTE0017第2道工序', 0, '0'),
(51, 17, 26, 30, 19, '1', 'admin', '2026-01-19 08:03:00', 'admin', '2026-01-26 08:03:00', 'ROUTE0017第3道工序', 0, '0'),
(52, 18, 3, 10, 18, '0', 'admin', '2026-01-20 08:01:00', 'admin', '2026-01-27 08:01:00', 'ROUTE0018第1道工序', 0, '0'),
(53, 18, 18, 20, 19, '0', 'admin', '2026-01-20 08:02:00', 'admin', '2026-01-27 08:02:00', 'ROUTE0018第2道工序', 0, '0'),
(54, 18, 27, 30, 20, '1', 'admin', '2026-01-20 08:03:00', 'admin', '2026-01-27 08:03:00', 'ROUTE0018第3道工序', 0, '0'),
(55, 19, 4, 10, 19, '0', 'admin', '2026-01-21 08:01:00', 'admin', '2026-01-28 08:01:00', 'ROUTE0019第1道工序', 0, '0'),
(56, 19, 19, 20, 20, '0', 'admin', '2026-01-21 08:02:00', 'admin', '2026-01-28 08:02:00', 'ROUTE0019第2道工序', 0, '0'),
(57, 19, 28, 30, 21, '0', 'admin', '2026-01-21 08:03:00', 'admin', '2026-01-28 08:03:00', 'ROUTE0019第3道工序', 0, '0'),
(58, 20, 5, 10, 20, '0', 'admin', '2026-01-22 08:01:00', 'admin', '2026-01-29 08:01:00', 'ROUTE0020第1道工序', 0, '0'),
(59, 20, 20, 20, 21, '0', 'admin', '2026-01-22 08:02:00', 'admin', '2026-01-29 08:02:00', 'ROUTE0020第2道工序', 0, '0'),
(60, 20, 29, 30, 22, '0', 'admin', '2026-01-22 08:03:00', 'admin', '2026-01-29 08:03:00', 'ROUTE0020第3道工序', 0, '0'),
(61, 21, 6, 10, 21, '0', 'admin', '2026-01-23 08:01:00', 'admin', '2026-01-30 08:01:00', 'ROUTE0021第1道工序', 0, '0'),
(62, 21, 11, 20, 22, '0', 'admin', '2026-01-23 08:02:00', 'admin', '2026-01-30 08:02:00', 'ROUTE0021第2道工序', 0, '0'),
(63, 21, 30, 30, 23, '1', 'admin', '2026-01-23 08:03:00', 'admin', '2026-01-30 08:03:00', 'ROUTE0021第3道工序', 0, '0'),
(64, 22, 7, 10, 22, '0', 'admin', '2026-01-24 08:01:00', 'admin', '2026-01-31 08:01:00', 'ROUTE0022第1道工序', 0, '0'),
(65, 22, 12, 20, 23, '0', 'admin', '2026-01-24 08:02:00', 'admin', '2026-01-31 08:02:00', 'ROUTE0022第2道工序', 0, '0'),
(66, 22, 24, 30, 24, '1', 'admin', '2026-01-24 08:03:00', 'admin', '2026-01-31 08:03:00', 'ROUTE0022第3道工序', 0, '0'),
(67, 23, 8, 10, 23, '0', 'admin', '2026-01-25 08:01:00', 'admin', '2026-02-01 08:01:00', 'ROUTE0023第1道工序', 0, '0'),
(68, 23, 13, 20, 24, '1', 'admin', '2026-01-25 08:02:00', 'admin', '2026-02-01 08:02:00', 'ROUTE0023第2道工序', 0, '0'),
(69, 23, 25, 30, 25, '1', 'admin', '2026-01-25 08:03:00', 'admin', '2026-02-01 08:03:00', 'ROUTE0023第3道工序', 0, '0'),
(70, 24, 9, 10, 24, '0', 'admin', '2026-01-26 08:01:00', 'admin', '2026-02-02 08:01:00', 'ROUTE0024第1道工序', 0, '0'),
(71, 24, 14, 20, 25, '0', 'admin', '2026-01-26 08:02:00', 'admin', '2026-02-02 08:02:00', 'ROUTE0024第2道工序', 0, '0'),
(72, 24, 26, 30, 26, '1', 'admin', '2026-01-26 08:03:00', 'admin', '2026-02-02 08:03:00', 'ROUTE0024第3道工序', 0, '0'),
(73, 25, 2, 10, 25, '0', 'admin', '2026-01-27 08:01:00', 'admin', '2026-02-03 08:01:00', 'ROUTE0025第1道工序', 0, '0'),
(74, 25, 15, 20, 26, '0', 'admin', '2026-01-27 08:02:00', 'admin', '2026-02-03 08:02:00', 'ROUTE0025第2道工序', 0, '0'),
(75, 25, 27, 30, 27, '1', 'admin', '2026-01-27 08:03:00', 'admin', '2026-02-03 08:03:00', 'ROUTE0025第3道工序', 0, '0'),
(76, 26, 3, 10, 26, '0', 'admin', '2026-01-28 08:01:00', 'admin', '2026-02-04 08:01:00', 'ROUTE0026第1道工序', 0, '0'),
(77, 26, 16, 20, 27, '0', 'admin', '2026-01-28 08:02:00', 'admin', '2026-02-04 08:02:00', 'ROUTE0026第2道工序', 0, '0'),
(78, 26, 28, 30, 28, '0', 'admin', '2026-01-28 08:03:00', 'admin', '2026-02-04 08:03:00', 'ROUTE0026第3道工序', 0, '0'),
(79, 27, 4, 10, 27, '0', 'admin', '2026-01-29 08:01:00', 'admin', '2026-02-05 08:01:00', 'ROUTE0027第1道工序', 0, '0'),
(80, 27, 17, 20, 28, '1', 'admin', '2026-01-29 08:02:00', 'admin', '2026-02-05 08:02:00', 'ROUTE0027第2道工序', 0, '0'),
(81, 27, 29, 30, 29, '0', 'admin', '2026-01-29 08:03:00', 'admin', '2026-02-05 08:03:00', 'ROUTE0027第3道工序', 0, '0'),
(82, 28, 5, 10, 28, '0', 'admin', '2026-01-30 08:01:00', 'admin', '2026-02-06 08:01:00', 'ROUTE0028第1道工序', 0, '0'),
(83, 28, 18, 20, 29, '0', 'admin', '2026-01-30 08:02:00', 'admin', '2026-02-06 08:02:00', 'ROUTE0028第2道工序', 0, '0'),
(84, 28, 30, 30, 30, '1', 'admin', '2026-01-30 08:03:00', 'admin', '2026-02-06 08:03:00', 'ROUTE0028第3道工序', 0, '0'),
(85, 29, 6, 10, 29, '0', 'admin', '2026-01-31 08:01:00', 'admin', '2026-02-07 08:01:00', 'ROUTE0029第1道工序', 0, '0'),
(86, 29, 19, 20, 30, '0', 'admin', '2026-01-31 08:02:00', 'admin', '2026-02-07 08:02:00', 'ROUTE0029第2道工序', 0, '0'),
(87, 29, 24, 30, 1, '1', 'admin', '2026-01-31 08:03:00', 'admin', '2026-02-07 08:03:00', 'ROUTE0029第3道工序', 0, '0'),
(88, 30, 7, 10, 30, '0', 'admin', '2026-02-01 08:01:00', 'admin', '2026-02-08 08:01:00', 'ROUTE0030第1道工序', 0, '0'),
(89, 30, 20, 20, 1, '0', 'admin', '2026-02-01 08:02:00', 'admin', '2026-02-08 08:02:00', 'ROUTE0030第2道工序', 0, '0'),
(90, 30, 25, 30, 2, '1', 'admin', '2026-02-01 08:03:00', 'admin', '2026-02-08 08:03:00', 'ROUTE0030第3道工序', 0, '0');

INSERT INTO mes_defect_type (defect_type_id, defect_code, defect_name, status, version_no, create_by, create_time, update_by, update_time, remark, revision, del_flag) VALUES
(1, 'DEF001', '尺寸超差', '0', '1.0', 'admin', '2026-01-02 09:00:00', 'admin', '2026-01-09 09:00:00', '尺寸超差缺陷分类', 0, '0'),
(2, 'DEF002', '表面划伤', '0', '1.0', 'admin', '2026-01-03 10:00:00', 'admin', '2026-01-10 10:00:00', '表面划伤缺陷分类', 0, '0'),
(3, 'DEF003', '毛刺未清', '0', '1.0', 'admin', '2026-01-04 11:00:00', 'admin', '2026-01-11 11:00:00', '毛刺未清缺陷分类', 0, '0'),
(4, 'DEF004', '焊缝气孔', '0', '1.0', 'admin', '2026-01-05 12:00:00', 'admin', '2026-01-12 12:00:00', '焊缝气孔缺陷分类', 0, '0'),
(5, 'DEF005', '焊接变形', '0', '1.0', 'admin', '2026-01-06 13:00:00', 'admin', '2026-01-13 13:00:00', '焊接变形缺陷分类', 0, '0'),
(6, 'DEF006', '漏焊', '0', '1.0', 'admin', '2026-01-07 14:00:00', 'admin', '2026-01-14 14:00:00', '漏焊缺陷分类', 0, '0'),
(7, 'DEF007', '错装', '0', '1.0', 'admin', '2026-01-08 15:00:00', 'admin', '2026-01-15 15:00:00', '错装缺陷分类', 0, '0'),
(8, 'DEF008', '漏装', '0', '1.0', 'admin', '2026-01-09 08:00:00', 'admin', '2026-01-16 08:00:00', '漏装缺陷分类', 0, '0'),
(9, 'DEF009', '螺栓未锁紧', '0', '1.0', 'admin', '2026-01-10 09:00:00', 'admin', '2026-01-17 09:00:00', '螺栓未锁紧缺陷分类', 0, '0'),
(10, 'DEF010', '扭矩不合格', '1', '1.0', 'admin', '2026-01-11 10:00:00', 'admin', '2026-01-18 10:00:00', '扭矩不合格缺陷分类', 0, '0'),
(11, 'DEF011', '涂层脱落', '0', '1.0', 'admin', '2026-01-12 11:00:00', 'admin', '2026-01-19 11:00:00', '涂层脱落缺陷分类', 0, '0'),
(12, 'DEF012', '色差', '0', '1.0', 'admin', '2026-01-13 12:00:00', 'admin', '2026-01-20 12:00:00', '色差缺陷分类', 0, '0'),
(13, 'DEF013', '喷涂流挂', '0', '1.0', 'admin', '2026-01-14 13:00:00', 'admin', '2026-01-21 13:00:00', '喷涂流挂缺陷分类', 0, '0'),
(14, 'DEF014', '镀层不均', '0', '1.0', 'admin', '2026-01-15 14:00:00', 'admin', '2026-01-22 14:00:00', '镀层不均缺陷分类', 0, '0'),
(15, 'DEF015', '材料混用', '0', '1.0', 'admin', '2026-01-16 15:00:00', 'admin', '2026-01-23 15:00:00', '材料混用缺陷分类', 0, '0'),
(16, 'DEF016', '批次错误', '0', '1.0', 'admin', '2026-01-17 08:00:00', 'admin', '2026-01-24 08:00:00', '批次错误缺陷分类', 0, '0'),
(17, 'DEF017', '孔位偏移', '0', '1.0', 'admin', '2026-01-18 09:00:00', 'admin', '2026-01-25 09:00:00', '孔位偏移缺陷分类', 0, '0'),
(18, 'DEF018', '平面度超差', '0', '1.0', 'admin', '2026-01-19 10:00:00', 'admin', '2026-01-26 10:00:00', '平面度超差缺陷分类', 0, '0'),
(19, 'DEF019', '同轴度超差', '0', '1.0', 'admin', '2026-01-20 11:00:00', 'admin', '2026-01-27 11:00:00', '同轴度超差缺陷分类', 0, '0'),
(20, 'DEF020', '粗糙度超差', '1', '1.0', 'admin', '2026-01-21 12:00:00', 'admin', '2026-01-28 12:00:00', '粗糙度超差缺陷分类', 0, '0'),
(21, 'DEF021', '功能失效', '0', '1.0', 'admin', '2026-01-22 13:00:00', 'admin', '2026-01-29 13:00:00', '功能失效缺陷分类', 0, '0'),
(22, 'DEF022', '参数超限', '0', '1.0', 'admin', '2026-01-23 14:00:00', 'admin', '2026-01-30 14:00:00', '参数超限缺陷分类', 0, '0'),
(23, 'DEF023', '电气短路', '0', '1.0', 'admin', '2026-01-24 15:00:00', 'admin', '2026-01-31 15:00:00', '电气短路缺陷分类', 0, '0'),
(24, 'DEF024', '绝缘不良', '0', '1.0', 'admin', '2026-01-25 08:00:00', 'admin', '2026-02-01 08:00:00', '绝缘不良缺陷分类', 0, '0'),
(25, 'DEF025', '传感器无信号', '0', '1.0', 'admin', '2026-01-26 09:00:00', 'admin', '2026-02-02 09:00:00', '传感器无信号缺陷分类', 0, '0'),
(26, 'DEF026', '运行异响', '0', '1.0', 'admin', '2026-01-27 10:00:00', 'admin', '2026-02-03 10:00:00', '运行异响缺陷分类', 0, '0'),
(27, 'DEF027', '漏油', '0', '1.0', 'admin', '2026-01-28 11:00:00', 'admin', '2026-02-04 11:00:00', '漏油缺陷分类', 0, '0'),
(28, 'DEF028', '漏气', '0', '1.0', 'admin', '2026-01-29 12:00:00', 'admin', '2026-02-05 12:00:00', '漏气缺陷分类', 0, '0'),
(29, 'DEF029', '包装破损', '0', '1.0', 'admin', '2026-01-30 13:00:00', 'admin', '2026-02-06 13:00:00', '包装破损缺陷分类', 0, '0'),
(30, 'DEF030', '标签错误', '1', '1.0', 'admin', '2026-01-31 14:00:00', 'admin', '2026-02-07 14:00:00', '标签错误缺陷分类', 0, '0');

INSERT INTO mes_exception_type (exception_type_id, exception_code, exception_name, status, version_no, create_by, create_time, update_by, update_time, remark, revision, del_flag) VALUES
(1, 'EXC001', '设备故障', '0', '1.0', 'admin', '2026-01-02 09:00:00', 'admin', '2026-01-09 09:00:00', '设备故障异常分类', 0, '0'),
(2, 'EXC002', '设备精度异常', '0', '1.0', 'admin', '2026-01-03 10:00:00', 'admin', '2026-01-10 10:00:00', '设备精度异常异常分类', 0, '0'),
(3, 'EXC003', '设备通信中断', '0', '1.0', 'admin', '2026-01-04 11:00:00', 'admin', '2026-01-11 11:00:00', '设备通信中断异常分类', 0, '0'),
(4, 'EXC004', '刀具损坏', '0', '1.0', 'admin', '2026-01-05 12:00:00', 'admin', '2026-01-12 12:00:00', '刀具损坏异常分类', 0, '0'),
(5, 'EXC005', '模具异常', '0', '1.0', 'admin', '2026-01-06 13:00:00', 'admin', '2026-01-13 13:00:00', '模具异常异常分类', 0, '0'),
(6, 'EXC006', '工装夹具异常', '0', '1.0', 'admin', '2026-01-07 14:00:00', 'admin', '2026-01-14 14:00:00', '工装夹具异常异常分类', 0, '0'),
(7, 'EXC007', '缺料', '0', '1.0', 'admin', '2026-01-08 15:00:00', 'admin', '2026-01-15 15:00:00', '缺料异常分类', 0, '0'),
(8, 'EXC008', '错料', '0', '1.0', 'admin', '2026-01-09 08:00:00', 'admin', '2026-01-16 08:00:00', '错料异常分类', 0, '0'),
(9, 'EXC009', '物料批次异常', '0', '1.0', 'admin', '2026-01-10 09:00:00', 'admin', '2026-01-17 09:00:00', '物料批次异常异常分类', 0, '0'),
(10, 'EXC010', '物料质量异常', '1', '1.0', 'admin', '2026-01-11 10:00:00', 'admin', '2026-01-18 10:00:00', '物料质量异常异常分类', 0, '0'),
(11, 'EXC011', '工艺参数异常', '0', '1.0', 'admin', '2026-01-12 11:00:00', 'admin', '2026-01-19 11:00:00', '工艺参数异常异常分类', 0, '0'),
(12, 'EXC012', '工艺文件错误', '0', '1.0', 'admin', '2026-01-13 12:00:00', 'admin', '2026-01-20 12:00:00', '工艺文件错误异常分类', 0, '0'),
(13, 'EXC013', '程序版本错误', '0', '1.0', 'admin', '2026-01-14 13:00:00', 'admin', '2026-01-21 13:00:00', '程序版本错误异常分类', 0, '0'),
(14, 'EXC014', '质量批量异常', '0', '1.0', 'admin', '2026-01-15 14:00:00', 'admin', '2026-01-22 14:00:00', '质量批量异常异常分类', 0, '0'),
(15, 'EXC015', '检验设备异常', '0', '1.0', 'admin', '2026-01-16 15:00:00', 'admin', '2026-01-23 15:00:00', '检验设备异常异常分类', 0, '0'),
(16, 'EXC016', '人员缺岗', '0', '1.0', 'admin', '2026-01-17 08:00:00', 'admin', '2026-01-24 08:00:00', '人员缺岗异常分类', 0, '0'),
(17, 'EXC017', '人员操作异常', '0', '1.0', 'admin', '2026-01-18 09:00:00', 'admin', '2026-01-25 09:00:00', '人员操作异常异常分类', 0, '0'),
(18, 'EXC018', '安全防护异常', '0', '1.0', 'admin', '2026-01-19 10:00:00', 'admin', '2026-01-26 10:00:00', '安全防护异常异常分类', 0, '0'),
(19, 'EXC019', '计划变更', '0', '1.0', 'admin', '2026-01-20 11:00:00', 'admin', '2026-01-27 11:00:00', '计划变更异常分类', 0, '0'),
(20, 'EXC020', '紧急插单', '1', '1.0', 'admin', '2026-01-21 12:00:00', 'admin', '2026-01-28 12:00:00', '紧急插单异常分类', 0, '0'),
(21, 'EXC021', '产线堵塞', '0', '1.0', 'admin', '2026-01-22 13:00:00', 'admin', '2026-01-29 13:00:00', '产线堵塞异常分类', 0, '0'),
(22, 'EXC022', '在制品积压', '0', '1.0', 'admin', '2026-01-23 14:00:00', 'admin', '2026-01-30 14:00:00', '在制品积压异常分类', 0, '0'),
(23, 'EXC023', '能源供应异常', '0', '1.0', 'admin', '2026-01-24 15:00:00', 'admin', '2026-01-31 15:00:00', '能源供应异常异常分类', 0, '0'),
(24, 'EXC024', '气压不足', '0', '1.0', 'admin', '2026-01-25 08:00:00', 'admin', '2026-02-01 08:00:00', '气压不足异常分类', 0, '0'),
(25, 'EXC025', '电压异常', '0', '1.0', 'admin', '2026-01-26 09:00:00', 'admin', '2026-02-02 09:00:00', '电压异常异常分类', 0, '0'),
(26, 'EXC026', '环境温度异常', '0', '1.0', 'admin', '2026-01-27 10:00:00', 'admin', '2026-02-03 10:00:00', '环境温度异常异常分类', 0, '0'),
(27, 'EXC027', '系统登录异常', '0', '1.0', 'admin', '2026-01-28 11:00:00', 'admin', '2026-02-04 11:00:00', '系统登录异常异常分类', 0, '0'),
(28, 'EXC028', '扫码失败', '0', '1.0', 'admin', '2026-01-29 12:00:00', 'admin', '2026-02-05 12:00:00', '扫码失败异常分类', 0, '0'),
(29, 'EXC029', '网络中断', '0', '1.0', 'admin', '2026-01-30 13:00:00', 'admin', '2026-02-06 13:00:00', '网络中断异常分类', 0, '0'),
(30, 'EXC030', '其他生产异常', '1', '1.0', 'admin', '2026-01-31 14:00:00', 'admin', '2026-02-07 14:00:00', '其他生产异常异常分类', 0, '0');

INSERT INTO mes_downtime_reason (reason_id, reason_code, reason_name, status, version_no, create_by, create_time, update_by, update_time, remark, revision, del_flag) VALUES
(1, 'DOWN001', '计划换型', '0', '1.0', 'admin', '2026-01-02 09:00:00', 'admin', '2026-01-09 09:00:00', '计划换型原因分类', 0, '0'),
(2, 'DOWN002', '计划保养', '0', '1.0', 'admin', '2026-01-03 10:00:00', 'admin', '2026-01-10 10:00:00', '计划保养原因分类', 0, '0'),
(3, 'DOWN003', '班前点检', '0', '1.0', 'admin', '2026-01-04 11:00:00', 'admin', '2026-01-11 11:00:00', '班前点检原因分类', 0, '0'),
(4, 'DOWN004', '设备故障维修', '0', '1.0', 'admin', '2026-01-05 12:00:00', 'admin', '2026-01-12 12:00:00', '设备故障维修原因分类', 0, '0'),
(5, 'DOWN005', '刀具更换', '0', '1.0', 'admin', '2026-01-06 13:00:00', 'admin', '2026-01-13 13:00:00', '刀具更换原因分类', 0, '0'),
(6, 'DOWN006', '模具更换', '0', '1.0', 'admin', '2026-01-07 14:00:00', 'admin', '2026-01-14 14:00:00', '模具更换原因分类', 0, '0'),
(7, 'DOWN007', '工装调整', '0', '1.0', 'admin', '2026-01-08 15:00:00', 'admin', '2026-01-15 15:00:00', '工装调整原因分类', 0, '0'),
(8, 'DOWN008', '等待物料', '0', '1.0', 'admin', '2026-01-09 08:00:00', 'admin', '2026-01-16 08:00:00', '等待物料原因分类', 0, '0'),
(9, 'DOWN009', '物料不合格', '0', '1.0', 'admin', '2026-01-10 09:00:00', 'admin', '2026-01-17 09:00:00', '物料不合格原因分类', 0, '0'),
(10, 'DOWN010', '等待质检', '1', '1.0', 'admin', '2026-01-11 10:00:00', 'admin', '2026-01-18 10:00:00', '等待质检原因分类', 0, '0'),
(11, 'DOWN011', '质量问题停线', '0', '1.0', 'admin', '2026-01-12 11:00:00', 'admin', '2026-01-19 11:00:00', '质量问题停线原因分类', 0, '0'),
(12, 'DOWN012', '工艺调整', '0', '1.0', 'admin', '2026-01-13 12:00:00', 'admin', '2026-01-20 12:00:00', '工艺调整原因分类', 0, '0'),
(13, 'DOWN013', '程序调试', '0', '1.0', 'admin', '2026-01-14 13:00:00', 'admin', '2026-01-21 13:00:00', '程序调试原因分类', 0, '0'),
(14, 'DOWN014', '首件确认', '0', '1.0', 'admin', '2026-01-15 14:00:00', 'admin', '2026-01-22 14:00:00', '首件确认原因分类', 0, '0'),
(15, 'DOWN015', '人员休息', '0', '1.0', 'admin', '2026-01-16 15:00:00', 'admin', '2026-01-23 15:00:00', '人员休息原因分类', 0, '0'),
(16, 'DOWN016', '人员不足', '0', '1.0', 'admin', '2026-01-17 08:00:00', 'admin', '2026-01-24 08:00:00', '人员不足原因分类', 0, '0'),
(17, 'DOWN017', '计划调整', '0', '1.0', 'admin', '2026-01-18 09:00:00', 'admin', '2026-01-25 09:00:00', '计划调整原因分类', 0, '0'),
(18, 'DOWN018', '等待指令', '0', '1.0', 'admin', '2026-01-19 10:00:00', 'admin', '2026-01-26 10:00:00', '等待指令原因分类', 0, '0'),
(19, 'DOWN019', '订单切换', '0', '1.0', 'admin', '2026-01-20 11:00:00', 'admin', '2026-01-27 11:00:00', '订单切换原因分类', 0, '0'),
(20, 'DOWN020', '清洁现场', '1', '1.0', 'admin', '2026-01-21 12:00:00', 'admin', '2026-01-28 12:00:00', '清洁现场原因分类', 0, '0'),
(21, 'DOWN021', '安全检查', '0', '1.0', 'admin', '2026-01-22 13:00:00', 'admin', '2026-01-29 13:00:00', '安全检查原因分类', 0, '0'),
(22, 'DOWN022', '电力中断', '0', '1.0', 'admin', '2026-01-23 14:00:00', 'admin', '2026-01-30 14:00:00', '电力中断原因分类', 0, '0'),
(23, 'DOWN023', '气源中断', '0', '1.0', 'admin', '2026-01-24 15:00:00', 'admin', '2026-01-31 15:00:00', '气源中断原因分类', 0, '0'),
(24, 'DOWN024', '网络故障', '0', '1.0', 'admin', '2026-01-25 08:00:00', 'admin', '2026-02-01 08:00:00', '网络故障原因分类', 0, '0'),
(25, 'DOWN025', '系统故障', '0', '1.0', 'admin', '2026-01-26 09:00:00', 'admin', '2026-02-02 09:00:00', '系统故障原因分类', 0, '0'),
(26, 'DOWN026', '设备校准', '0', '1.0', 'admin', '2026-01-27 10:00:00', 'admin', '2026-02-03 10:00:00', '设备校准原因分类', 0, '0'),
(27, 'DOWN027', '试生产', '0', '1.0', 'admin', '2026-01-28 11:00:00', 'admin', '2026-02-04 11:00:00', '试生产原因分类', 0, '0'),
(28, 'DOWN028', '培训演练', '0', '1.0', 'admin', '2026-01-29 12:00:00', 'admin', '2026-02-05 12:00:00', '培训演练原因分类', 0, '0'),
(29, 'DOWN029', '环境异常', '0', '1.0', 'admin', '2026-01-30 13:00:00', 'admin', '2026-02-06 13:00:00', '环境异常原因分类', 0, '0'),
(30, 'DOWN030', '其他停机', '1', '1.0', 'admin', '2026-01-31 14:00:00', 'admin', '2026-02-07 14:00:00', '其他停机原因分类', 0, '0');

COMMIT;
SET FOREIGN_KEY_CHECKS = 1;

-- 导入后可执行以下语句核验每张表的数据量

SELECT 'mes_factory' AS table_name, COUNT(*) AS row_count FROM mes_factory;

SELECT 'mes_workshop' AS table_name, COUNT(*) AS row_count FROM mes_workshop;

SELECT 'mes_production_line' AS table_name, COUNT(*) AS row_count FROM mes_production_line;

SELECT 'mes_work_center' AS table_name, COUNT(*) AS row_count FROM mes_work_center;

SELECT 'mes_workstation' AS table_name, COUNT(*) AS row_count FROM mes_workstation;

SELECT 'mes_team' AS table_name, COUNT(*) AS row_count FROM mes_team;

SELECT 'mes_shift' AS table_name, COUNT(*) AS row_count FROM mes_shift;

SELECT 'mes_equipment' AS table_name, COUNT(*) AS row_count FROM mes_equipment;

SELECT 'mes_unit' AS table_name, COUNT(*) AS row_count FROM mes_unit;

SELECT 'mes_material' AS table_name, COUNT(*) AS row_count FROM mes_material;

SELECT 'mes_process' AS table_name, COUNT(*) AS row_count FROM mes_process;

SELECT 'mes_bom' AS table_name, COUNT(*) AS row_count FROM mes_bom;

SELECT 'mes_bom_detail' AS table_name, COUNT(*) AS row_count FROM mes_bom_detail;

SELECT 'mes_route' AS table_name, COUNT(*) AS row_count FROM mes_route;

SELECT 'mes_route_detail' AS table_name, COUNT(*) AS row_count FROM mes_route_detail;

SELECT 'mes_defect_type' AS table_name, COUNT(*) AS row_count FROM mes_defect_type;

SELECT 'mes_exception_type' AS table_name, COUNT(*) AS row_count FROM mes_exception_type;

SELECT 'mes_downtime_reason' AS table_name, COUNT(*) AS row_count FROM mes_downtime_reason;
